?? [s],1.eps1 [%],2.eps1 [%],3.eps1 [%],4.eps1 [%],5.eps1 [%],6.eps1 [%],7.eps1 [%],8.eps1 [%],9.eps1 [%],10.eps1 [%],11.eps1 [%],12.eps1 [%],13.eps1 [%],14.eps1 [%],15.eps1 [%],16.eps1 [%]
0.000000,0.000000,0.000000,0.000000,0.000000,0.000000,0.000000,0.000000,0.000000,0.000000,0.000000,0.000000,0.000000,0.000000,0.000000,0.000000,0.000000
10.000000,0.037545,0.021020,0.013275,0.008283,0.008167,0.023010,0.002607,0.004627,0.005209,0.011057,0.013858,0.009235,0.010714,0.004887,0.018859,0.014288
20.000000,0.070094,0.039741,0.042223,0.047161,0.031758,0.051410,0.028086,0.011014,0.042854,0.026744,0.029002,0.038092,0.031960,0.024404,0.032106,0.046820
30.000000,0.092394,0.045942,0.047156,0.030394,0.037437,0.055966,0.026602,0.015175,0.023740,0.030325,0.021595,0.038687,0.026718,0.021307,0.052676,0.050203
40.000000,0.067846,0.047574,0.055988,0.021954,0.053398,0.054451,0.030418,0.028160,0.036183,0.041378,0.013039,0.054164,0.019571,0.025298,0.052987,0.058167
50.000000,0.056660,0.052394,0.051993,0.037930,0.058642,0.042501,0.024518,0.042867,0.034230,0.050732,0.013646,0.059847,0.010602,0.022869,0.078902,0.060998
60.000000,0.054108,0.059007,0.053853,0.024947,0.053614,0.048172,0.024160,0.057378,0.053624,0.071754,0.026460,0.072462,0.012361,0.030087,0.059219,0.077634
70.000000,0.070655,0.056890,0.057460,0.058042,0.042976,0.055586,0.017722,0.047520,0.056434,0.067647,0.035582,0.067304,0.015619,0.032729,0.046013,0.081069
80.000000,0.067925,0.067252,0.058356,0.056517,0.028915,0.070583,0.006802,0.042981,0.072871,0.072657,0.040423,0.068188,0.029431,0.037692,0.024786,0.067806
90.000000,0.065239,0.071473,0.051104,0.067725,0.036207,0.072731,0.000210,0.035690,0.074537,0.056172,0.039043,0.043646,0.028029,0.038370,0.028813,0.060307
100.000000,0.080811,0.067177,0.041406,0.023809,0.033868,0.066933,-0.006545,0.036095,0.080625,0.055438,0.045272,0.045028,0.027118,0.052214,0.027020,0.062849
110.000000,0.092818,0.061029,0.044531,0.038711,0.043360,0.059779,-0.000867,0.041374,0.079505,0.066526,0.040480,0.044331,0.024886,0.048169,0.029207,0.067629
120.000000,0.096642,0.063367,0.052162,0.023096,0.056188,0.051960,0.008897,0.033625,0.070560,0.052688,0.027835,0.059212,0.029597,0.040299,0.035617,0.073927
130.000000,0.071822,0.063005,0.049382,0.058412,0.046110,0.043051,0.023877,0.034462,0.051162,0.046014,0.012351,0.046451,0.045790,0.017639,0.049394,0.072475
140.000000,0.071643,0.063832,0.048508,0.038871,0.034016,0.052961,0.019033,0.018351,0.033767,0.025060,0.000562,0.040166,0.044976,0.016694,0.053568,0.083386
150.000000,0.062212,0.056207,0.039391,0.090149,0.027527,0.049215,0.005491,0.025128,0.032760,0.029336,0.015200,0.039361,0.049231,0.023851,0.052044,0.089349
160.000000,0.064637,0.056742,0.041326,0.077720,0.037149,0.037829,0.010271,0.021739,0.035784,0.025582,0.020851,0.057461,0.032412,0.030353,0.061906,0.120908
170.000000,0.067639,0.052877,0.028971,0.073269,0.050674,0.037395,0.018608,0.030663,0.053570,0.037491,0.034653,0.061459,0.034201,0.033453,0.059985,0.171297
180.000000,0.083464,0.061891,0.029016,0.037003,0.060505,0.049601,0.019645,0.023735,0.069536,0.060966,0.032550,0.067662,0.032930,0.039318,0.062991,0.242470
190.000000,0.086066,0.062689,0.020165,0.036243,0.067561,0.057148,0.018853,0.024367,0.056696,0.075879,0.030169,0.053990,0.031904,0.048076,0.055739,0.297467
200.000000,0.090153,0.057043,0.025151,0.041019,0.056122,0.046070,0.018500,0.028314,0.034100,0.057620,0.027056,0.052592,0.042661,0.042648,0.065828,0.310116
210.000000,0.101970,0.043783,0.029643,0.046662,0.050357,0.031392,0.023279,0.035359,0.029248,0.034729,0.025583,0.057063,0.060269,0.030889,0.079626,0.325764
220.000000,0.114747,0.053583,0.038841,0.043933,0.050011,0.041268,0.003296,0.036353,0.053399,0.031477,0.025402,0.056353,0.092753,0.028140,0.081574,0.303295
230.000000,0.109932,0.067189,0.043110,0.040124,0.051681,0.055869,0.008134,0.026888,0.058593,0.029722,0.024102,0.057066,0.101332,0.028821,0.076365,0.292681
240.000000,0.085079,0.078134,0.040722,0.024875,0.039139,0.066366,0.009687,0.030487,0.054907,0.023836,0.026820,0.047563,0.108039,0.032766,0.066868,0.255949
250.000000,0.088186,0.065668,0.033373,0.025719,0.043986,0.057832,0.032072,0.041465,0.059168,0.015610,0.027359,0.054279,0.104097,0.028551,0.069717,0.231940
260.000000,0.088988,0.063188,0.038339,0.045154,0.044939,0.051137,0.038225,0.043704,0.066677,0.031575,0.030113,0.057923,0.111525,0.035659,0.078892,0.213297
270.000000,0.104282,0.061447,0.043627,0.060831,0.052776,0.059197,0.044015,0.039718,0.071284,0.037378,0.031143,0.059591,0.129599,0.038151,0.080088,0.182493
280.000000,0.107608,0.079409,0.038374,0.073697,0.051583,0.075635,0.027768,0.036439,0.056922,0.032213,0.033144,0.061696,0.144813,0.043847,0.077204,0.159370
290.000000,0.117245,0.075020,0.024504,0.081528,0.051058,0.086305,0.024908,0.043053,0.052824,0.021912,0.045627,0.061039,0.151278,0.052267,0.094692,0.141364
300.000000,0.113782,0.088524,0.019465,0.126677,0.054307,0.097957,0.029746,0.041885,0.041244,0.031371,0.043540,0.069284,0.154788,0.062719,0.104644,0.155568
310.000000,0.107405,0.078222,0.024902,0.149526,0.052315,0.102448,0.047242,0.038243,0.054627,0.046292,0.048170,0.073597,0.161830,0.068572,0.127020,0.177523
320.000000,0.113395,0.095522,0.029980,0.145934,0.062828,0.105694,0.056808,0.031743,0.059155,0.065703,0.047770,0.080001,0.175199,0.073342,0.142693,0.192586
330.000000,0.125127,0.094332,0.037709,0.121233,0.073047,0.106607,0.060853,0.041685,0.085250,0.070850,0.052228,0.072203,0.163779,0.061431,0.170420,0.203410
340.000000,0.127087,0.104758,0.041476,0.106761,0.083563,0.106289,0.062192,0.058191,0.110885,0.090766,0.052949,0.078066,0.139089,0.062346,0.198210,0.223000
350.000000,0.128600,0.107344,0.040088,0.139336,0.094320,0.113096,0.050474,0.070361,0.126621,0.093440,0.053129,0.083358,0.112600,0.064618,0.231837,0.223357
360.000000,0.122057,0.117703,0.046781,0.388008,0.086726,0.160766,0.060315,0.094902,0.165521,0.154108,0.067049,0.155148,0.191116,0.075797,0.289112,0.268184
370.000000,0.121432,0.115842,0.060252,0.646520,0.072612,0.216446,0.088766,0.105634,0.197967,0.195319,0.085393,0.206476,0.280013,0.077485,0.332904,0.306125
380.000000,0.119907,0.114875,0.071885,0.909150,0.066632,0.259994,0.131894,0.143503,0.242129,0.239962,0.096667,0.249922,0.375140,0.066402,0.347549,0.368835
390.000000,0.136141,0.122586,0.076699,0.920056,0.060702,0.267326,0.150951,0.132741,0.255189,0.239212,0.105427,0.241280,0.372583,0.082384,0.360664,0.373563
400.000000,0.144337,0.133038,0.074681,0.926014,0.070411,0.269045,0.142636,0.150248,0.250805,0.238007,0.103248,0.241399,0.382172,0.080458,0.386825,0.380223
410.000000,0.145462,0.141458,0.082089,0.918361,0.070577,0.271985,0.136428,0.150168,0.263212,0.244207,0.105608,0.261596,0.380309,0.095126,0.418780,0.381840
420.000000,0.137270,0.146182,0.084578,0.947976,0.086227,0.278307,0.137888,0.174468,0.274112,0.266282,0.104909,0.274710,0.392252,0.088678,0.420136,0.383546
430.000000,0.139713,0.147876,0.092537,0.976286,0.094795,0.286694,0.140847,0.182591,0.288642,0.288259,0.115147,0.299417,0.394082,0.091232,0.421843,0.381435
440.000000,0.144419,0.150369,0.090746,0.974489,0.107573,0.297261,0.126720,0.183899,0.288586,0.314880,0.124172,0.307257,0.396993,0.098603,0.436633,0.384532
450.000000,0.154133,0.148063,0.088526,0.959280,0.111018,0.293708,0.118611,0.173852,0.281903,0.320596,0.139387,0.323150,0.392103,0.103579,0.450916,0.403915
460.000000,0.153117,0.148214,0.094743,0.951663,0.127672,0.295800,0.133921,0.185508,0.291010,0.304363,0.150422,0.333908,0.389302,0.111661,0.474929,0.410854
470.000000,0.156115,0.150812,0.094941,0.931026,0.133294,0.295055,0.159721,0.204893,0.305928,0.280655,0.151196,0.348396,0.401725,0.103607,0.484850,0.410323
471.000014,0.157315,0.161279,0.099625,0.951226,0.137193,0.306342,0.162283,0.220258,0.335725,0.252398,0.146090,0.361411,0.409663,0.102547,0.520080,0.401535
472.000014,0.164371,0.181757,0.098840,0.954483,0.124053,0.317942,0.157835,0.208968,0.343506,0.252561,0.138365,0.353768,0.418749,0.109386,0.519958,0.397654
473.000014,0.176121,0.180427,0.101037,0.960572,0.118243,0.333385,0.137642,0.200289,0.330517,0.243925,0.140597,0.345259,0.413853,0.112478,0.516390,0.403234
474.000014,0.175791,0.166250,0.083477,0.926827,0.121975,0.326268,0.141924,0.203434,0.305258,0.252511,0.144393,0.342434,0.414378,0.105982,0.502704,0.406688
475.000014,0.182644,0.164014,0.087472,0.942234,0.133645,0.331782,0.134150,0.212522,0.301538,0.253408,0.148658,0.353430,0.416157,0.109687,0.505101,0.418278
476.000014,0.177413,0.170968,0.089064,0.950213,0.134351,0.323099,0.147232,0.210914,0.290005,0.268396,0.148860,0.361033,0.407421,0.114447,0.528553,0.416107
477.000014,0.178888,0.171955,0.102249,0.953303,0.132440,0.343426,0.146753,0.220398,0.299810,0.283568,0.140080,0.350366,0.411877,0.123145,0.522516,0.404963
478.000014,0.166650,0.180685,0.092042,0.938390,0.130349,0.339865,0.154985,0.218473,0.301734,0.286258,0.137398,0.354081,0.407918,0.116440,0.524859,0.393747
479.000014,0.164310,0.182321,0.085941,0.954594,0.138443,0.341145,0.149316,0.231585,0.329411,0.296248,0.140043,0.358966,0.419368,0.120019,0.518744,0.395653
480.000014,0.165766,0.181379,0.086637,0.974709,0.136057,0.323619,0.134369,0.229887,0.331266,0.280714,0.151875,0.359623,0.418802,0.114770,0.539431,0.414949
481.000014,0.168182,0.171062,0.088390,0.967249,0.136992,0.322886,0.125365,0.228794,0.326403,0.284096,0.154135,0.355098,0.433256,0.120192,0.548188,0.428308
482.000014,0.170230,0.170676,0.096861,0.958862,0.134451,0.335930,0.122813,0.217155,0.304235,0.277945,0.145790,0.354500,0.427627,0.120372,0.539807,0.432124
483.000014,0.171985,0.174284,0.103142,0.930166,0.148704,0.345639,0.146552,0.214368,0.297044,0.261564,0.142016,0.372578,0.428987,0.117394,0.538326,0.420631
484.000014,0.162808,0.158194,0.093872,0.937399,0.153353,0.330649,0.159408,0.226522,0.280184,0.252965,0.144587,0.389260,0.413423,0.115452,0.539800,0.409259
485.000014,0.170604,0.158673,0.091197,0.932509,0.156467,0.309694,0.170206,0.235588,0.261768,0.236792,0.150197,0.390147,0.408333,0.105294,0.549588,0.412799
486.000014,0.163391,0.158861,0.082859,0.934710,0.151558,0.286774,0.161956,0.231427,0.239682,0.246856,0.152051,0.396320,0.405931,0.128487,0.549965,0.414955
487.000014,0.176954,0.162072,0.091866,0.930498,0.143268,0.282342,0.175242,0.228758,0.233106,0.254965,0.147269,0.387999,0.420018,0.126275,0.545905,0.426207
488.000014,0.174679,0.167091,0.090852,0.950172,0.141089,0.269150,0.172401,0.227864,0.251814,0.275841,0.156057,0.389680,0.434664,0.132996,0.557798,0.414112
489.000014,0.192316,0.179094,0.101062,0.972218,0.145203,0.266007,0.170986,0.231555,0.266601,0.280407,0.147937,0.379826,0.438092,0.117623,0.559822,0.426492
490.000014,0.201074,0.199288,0.097365,0.968004,0.147967,0.264567,0.145397,0.222357,0.274353,0.271130,0.158018,0.380557,0.435699,0.116480,0.556739,0.427164
491.000014,0.188701,0.191200,0.104915,0.941318,0.149233,0.274223,0.157770,0.220631,0.257416,0.259363,0.154991,0.397921,0.442759,0.119059,0.551173,0.438761
492.000014,0.182769,0.179067,0.089779,0.942429,0.148140,0.275955,0.167173,0.227506,0.244926,0.245544,0.161645,0.400736,0.446056,0.118031,0.557384,0.430082
493.000014,0.169789,0.165946,0.092412,0.935426,0.152438,0.285455,0.181133,0.239216,0.242605,0.240029,0.155253,0.410910,0.452011,0.121619,0.572425,0.424966
494.000014,0.177869,0.166770,0.096020,0.967883,0.164055,0.273758,0.160025,0.249194,0.248155,0.245539,0.154512,0.404609,0.450020,0.122299,0.579731,0.418481
495.000014,0.173544,0.172668,0.110498,0.967890,0.157373,0.277598,0.142972,0.240091,0.243365,0.245893,0.156278,0.412385,0.449240,0.131893,0.565829,0.428114
496.000014,0.183943,0.181665,0.114031,0.944083,0.163518,0.261916,0.145250,0.233228,0.251372,0.259103,0.159756,0.403389,0.444506,0.136756,0.564586,0.419030
497.000014,0.171897,0.180978,0.116813,0.924405,0.155223,0.284837,0.161457,0.224455,0.263833,0.249070,0.161797,0.397861,0.434371,0.137135,0.554807,0.426696
498.000014,0.170084,0.183247,0.121686,0.925934,0.165040,0.284347,0.167382,0.235530,0.267403,0.254769,0.154923,0.391849,0.432443,0.141381,0.554307,0.413884
499.000014,0.151284,0.188807,0.115105,0.942054,0.170431,0.296511,0.163737,0.235053,0.254258,0.244295,0.156027,0.399649,0.443083,0.136688,0.533946,0.425898
500.000014,0.173202,0.189884,0.109345,0.944533,0.169872,0.288794,0.169596,0.238746,0.251309,0.244012,0.153894,0.411171,0.456876,0.138316,0.535446,0.418024
501.000014,0.174410,0.199226,0.115109,0.935421,0.178223,0.291888,0.180380,0.236828,0.260527,0.253752,0.168521,0.416931,0.469623,0.146586,0.531734,0.418615
502.000014,0.193678,0.196448,0.125874,0.963173,0.175513,0.291313,0.183595,0.243560,0.262252,0.264528,0.161036,0.416005,0.460700,0.149673,0.549253,0.425828
503.000014,0.178467,0.192086,0.125166,0.941978,0.183306,0.283865,0.168442,0.241586,0.254983,0.268939,0.158981,0.418690,0.455612,0.149304,0.555131,0.432431
504.000014,0.176294,0.186876,0.117519,0.918084,0.180065,0.288466,0.161046,0.233518,0.240216,0.267902,0.150902,0.428519,0.449393,0.140767,0.553960,0.434616
505.000014,0.166950,0.170382,0.109227,0.901253,0.176902,0.293951,0.160031,0.240263,0.236263,0.255672,0.161182,0.428458,0.448951,0.136310,0.531099,0.424843
506.000014,0.160662,0.180047,0.096887,0.899768,0.178550,0.304157,0.162389,0.236253,0.240685,0.249164,0.161351,0.418215,0.448817,0.141183,0.512181,0.417745
507.000014,0.157667,0.169649,0.094016,0.906171,0.176860,0.302373,0.174211,0.256183,0.239934,0.241411,0.160795,0.421872,0.447238,0.145507,0.524787,0.421096
508.000014,0.162118,0.196923,0.102927,0.911564,0.180424,0.301253,0.173028,0.251936,0.250547,0.250031,0.162178,0.435733,0.445153,0.153464,0.549138,0.421434
509.000014,0.173975,0.199082,0.115633,0.951630,0.175830,0.292582,0.164724,0.250773,0.249662,0.253033,0.167874,0.453760,0.445724,0.159532,0.544711,0.427045
510.000014,0.175187,0.185887,0.113050,0.953827,0.173920,0.287843,0.169347,0.249287,0.268634,0.246565,0.166716,0.453519,0.439434,0.149536,0.552753,0.418567
511.000014,0.171533,0.181010,0.131063,0.969953,0.166276,0.288335,0.165363,0.245323,0.272064,0.246941,0.167340,0.445006,0.437593,0.156873,0.542895,0.407954
512.000014,0.171029,0.182710,0.141537,0.955886,0.174281,0.288929,0.178192,0.251611,0.283290,0.240268,0.172757,0.451804,0.443780,0.150794,0.546324,0.405275
513.000014,0.170705,0.195547,0.151890,0.928644,0.168974,0.301538,0.182982,0.248345,0.266964,0.241384,0.179745,0.460043,0.452734,0.154306,0.524396,0.415769
514.000014,0.178144,0.196318,0.130286,0.907222,0.167528,0.300169,0.190856,0.255179,0.264293,0.238057,0.175475,0.460083,0.463515,0.149488,0.523393,0.426702
515.000014,0.173840,0.201497,0.131878,0.900963,0.168684,0.308880,0.183183,0.252957,0.256716,0.248463,0.166253,0.446249,0.456264,0.158835,0.525912,0.415618
516.000014,0.181471,0.219120,0.132354,0.945783,0.173103,0.301673,0.155134,0.243363,0.266325,0.253328,0.157292,0.445157,0.456074,0.167608,0.525441,0.411385
517.000014,0.177786,0.220768,0.140018,0.979623,0.181072,0.305547,0.153146,0.237174,0.263963,0.250916,0.150414,0.449586,0.458725,0.174386,0.526939,0.425430
518.000014,0.177207,0.217999,0.146467,0.974220,0.182120,0.313971,0.155373,0.236292,0.255473,0.252356,0.147650,0.468971,0.465452,0.167018,0.527856,0.444889
519.000014,0.175784,0.212831,0.138291,0.943346,0.194630,0.311669,0.173813,0.248578,0.256034,0.252569,0.154641,0.460242,0.461426,0.156176,0.533471,0.445650
520.000014,0.173503,0.204422,0.136659,0.914554,0.192721,0.314168,0.184431,0.250874,0.259027,0.250749,0.156687,0.472050,0.457777,0.148889,0.541072,0.438713
521.000014,0.181041,0.201642,0.136505,0.940602,0.189191,0.312243,0.188373,0.258090,0.260309,0.247441,0.156343,0.452664,0.456892,0.158978,0.557723,0.430378
522.000014,0.165894,0.210809,0.142399,0.936021,0.176313,0.318610,0.179669,0.251986,0.264997,0.251858,0.160845,0.454207,0.461819,0.170482,0.565004,0.434002
523.000014,0.162630,0.215266,0.154101,0.926765,0.175440,0.310963,0.173682,0.256826,0.264003,0.255190,0.167100,0.450711,0.464188,0.169282,0.552746,0.430206
524.000014,0.165685,0.230193,0.150545,0.906300,0.165251,0.321684,0.180587,0.257309,0.280923,0.252175,0.177143,0.463335,0.471369,0.161366,0.545184,0.437980
525.000014,0.180489,0.234084,0.156174,0.938881,0.170927,0.317100,0.184961,0.255110,0.287150,0.255160,0.172874,0.462871,0.478764,0.164100,0.543375,0.439359
526.000014,0.175305,0.237619,0.150152,0.978309,0.182102,0.319767,0.175752,0.255466,0.301967,0.252331,0.169598,0.458576,0.478400,0.175746,0.551966,0.441255
527.000014,0.163779,0.235860,0.144453,0.946869,0.192067,0.297009,0.179043,0.256106,0.296172,0.240552,0.172302,0.443599,0.476260,0.177930,0.539742,0.442112
528.000014,0.153692,0.226245,0.145621,0.927930,0.189766,0.292600,0.191257,0.262239,0.302982,0.226619,0.175918,0.437116,0.470975,0.166461,0.531935,0.434672
529.000014,0.164207,0.220730,0.141144,0.874738,0.190806,0.294297,0.199454,0.260873,0.298266,0.221060,0.178157,0.438933,0.467150,0.162144,0.519728,0.439690
530.000014,0.171135,0.217421,0.152890,0.880593,0.191425,0.294802,0.211906,0.262352,0.294465,0.232890,0.174767,0.439581,0.466134,0.169503,0.522022,0.433180
531.000014,0.177727,0.236748,0.169404,0.913916,0.196218,0.288971,0.199541,0.264707,0.293652,0.247963,0.170527,0.450278,0.468503,0.182348,0.530227,0.446276
532.000014,0.164111,0.249684,0.188381,0.930244,0.198561,0.277196,0.182665,0.256178,0.290288,0.250322,0.168435,0.449979,0.473547,0.186690,0.534090,0.443393
533.000014,0.171225,0.243448,0.184935,0.971794,0.201071,0.290038,0.180719,0.259349,0.296479,0.233852,0.169671,0.459608,0.472679,0.192931,0.536267,0.445030
534.000014,0.180638,0.230499,0.176765,0.965221,0.196860,0.308744,0.175379,0.259191,0.315596,0.214828,0.173794,0.455238,0.474723,0.190180,0.543579,0.429951
535.000014,0.203273,0.234784,0.177236,0.978121,0.189295,0.306972,0.187964,0.269686,0.335138,0.213948,0.174697,0.460008,0.479772,0.193261,0.562860,0.434494
536.000014,0.197433,0.222579,0.188587,0.912720,0.190034,0.296263,0.174833,0.266095,0.345740,0.215888,0.176603,0.466281,0.475348,0.185198,0.574270,0.433651
537.000014,0.202175,0.212451,0.186325,0.880725,0.195617,0.290166,0.197188,0.264215,0.331322,0.217836,0.174382,0.476100,0.474801,0.182608,0.565340,0.445754
538.000014,0.200195,0.203061,0.180786,0.880299,0.204361,0.304061,0.208198,0.264883,0.322610,0.215610,0.176390,0.464504,0.469765,0.176091,0.549395,0.432606
539.000014,0.215921,0.216576,0.176897,0.930039,0.213081,0.312125,0.199755,0.276655,0.326186,0.217714,0.177785,0.458083,0.481666,0.169804,0.542579,0.434065
540.000014,0.196333,0.237557,0.177412,0.932535,0.212139,0.318599,0.182664,0.275466,0.320603,0.220720,0.179807,0.446843,0.478292,0.177895,0.544050,0.427941
541.000014,0.185491,0.254034,0.173098,0.900481,0.209712,0.318371,0.179718,0.272931,0.332110,0.222879,0.183214,0.453124,0.481285,0.177559,0.545303,0.425932
542.000014,0.169528,0.250940,0.163857,0.867948,0.213169,0.317067,0.199137,0.271021,0.332249,0.222499,0.175240,0.454333,0.478068,0.186424,0.540598,0.413807
543.000014,0.182602,0.247930,0.158588,0.885806,0.218015,0.325862,0.216165,0.268014,0.334295,0.223467,0.175325,0.464036,0.470527,0.188474,0.542230,0.418760
544.000014,0.202314,0.231796,0.167250,0.939064,0.216789,0.326306,0.207837,0.275192,0.327382,0.220691,0.171358,0.457499,0.477008,0.193753,0.545517,0.418799
545.000014,0.208461,0.244351,0.178944,0.974588,0.201765,0.324395,0.184250,0.271193,0.322146,0.232526,0.180739,0.453181,0.476329,0.187356,0.548860,0.435274
546.000014,0.212186,0.230115,0.182331,0.976865,0.203140,0.313293,0.177628,0.275158,0.320650,0.225534,0.184362,0.446872,0.485224,0.170831,0.544680,0.443504
547.000014,0.205163,0.237001,0.180904,0.933147,0.210305,0.312704,0.193641,0.281385,0.324471,0.219881,0.185864,0.448881,0.473579,0.171338,0.541501,0.450560
548.000014,0.212690,0.245842,0.164970,0.933741,0.225577,0.318137,0.206540,0.285776,0.338050,0.211956,0.189143,0.449223,0.474270,0.178679,0.542620,0.441728
549.000014,0.208413,0.264781,0.174558,0.984621,0.223303,0.330221,0.197961,0.284131,0.352681,0.230682,0.194434,0.454015,0.478572,0.199838,0.540653,0.435893
550.000014,0.190940,0.267843,0.166930,1.018502,0.210538,0.339270,0.180529,0.268492,0.352362,0.243499,0.197124,0.456536,0.488641,0.199952,0.538990,0.431488
551.000014,0.160258,0.253042,0.174910,1.010707,0.201653,0.344531,0.185236,0.266843,0.346314,0.253460,0.190494,0.454170,0.488143,0.199232,0.542534,0.441049
552.000014,0.158950,0.244976,0.176298,0.952669,0.202222,0.332596,0.188812,0.268376,0.351604,0.248370,0.197169,0.454009,0.489447,0.197773,0.529362,0.433165
553.000014,0.188977,0.246287,0.183243,0.962155,0.221730,0.331748,0.193350,0.277316,0.345512,0.247516,0.189991,0.453356,0.488080,0.202251,0.527786,0.425912
554.000014,0.198607,0.246373,0.184644,0.959231,0.230580,0.334286,0.184245,0.278222,0.335801,0.242352,0.195061,0.451262,0.488685,0.205071,0.501616,0.414467
555.000014,0.200391,0.237865,0.189577,0.962103,0.234896,0.340146,0.186062,0.287122,0.328945,0.242281,0.185409,0.447473,0.483961,0.204583,0.528876,0.428173
556.000014,0.181048,0.236383,0.194937,0.951367,0.228130,0.330045,0.185637,0.292078,0.337748,0.245460,0.192886,0.443091,0.486460,0.208543,0.534488,0.436637
557.000014,0.190027,0.249105,0.203368,0.950581,0.226500,0.322921,0.173558,0.289229,0.336358,0.247016,0.190368,0.443946,0.478544,0.214626,0.549742,0.445171
558.000014,0.182784,0.246185,0.196890,0.967153,0.217728,0.312644,0.166137,0.289735,0.329852,0.249349,0.198256,0.447771,0.484380,0.208546,0.551727,0.433855
559.000014,0.184487,0.242699,0.191758,0.945154,0.220938,0.318385,0.170107,0.290907,0.319908,0.242275,0.196568,0.453236,0.485951,0.198901,0.552847,0.439996
560.000014,0.175769,0.238431,0.187014,0.916766,0.223748,0.324559,0.200179,0.300402,0.339536,0.244975,0.196182,0.451551,0.499711,0.189331,0.551824,0.434911
561.000014,0.193934,0.245807,0.182142,0.892165,0.248908,0.339567,0.207531,0.302953,0.340757,0.252213,0.186726,0.441493,0.495126,0.185434,0.540704,0.436056
562.000014,0.194131,0.252907,0.193977,0.892173,0.240059,0.348763,0.198850,0.295413,0.342076,0.262573,0.196682,0.445521,0.489294,0.197029,0.547557,0.432228
563.000014,0.208404,0.262182,0.194193,0.947923,0.235401,0.347960,0.176525,0.290917,0.317930,0.267522,0.206898,0.446808,0.488210,0.200803,0.542298,0.435479
564.000014,0.186062,0.287286,0.198967,0.952825,0.216498,0.349720,0.188324,0.298259,0.319591,0.255444,0.203246,0.446158,0.494639,0.210070,0.533414,0.426459
565.000014,0.194246,0.290026,0.182227,0.964941,0.235025,0.355378,0.201050,0.308028,0.320906,0.255977,0.199176,0.440205,0.493135,0.205660,0.522000,0.421911
566.000014,0.190059,0.295500,0.191336,0.958553,0.245651,0.352932,0.205430,0.310177,0.346972,0.256746,0.188537,0.442689,0.492497,0.206665,0.545241,0.427672
567.000014,0.193789,0.276027,0.192030,0.945428,0.245227,0.346128,0.186988,0.321618,0.339811,0.259970,0.193747,0.442461,0.497702,0.204340,0.543816,0.438161
568.000014,0.196707,0.272848,0.201302,0.914845,0.231856,0.337091,0.188146,0.319448,0.346670,0.258043,0.193497,0.440105,0.502532,0.206313,0.554235,0.437956
569.000014,0.212180,0.254041,0.193670,0.876557,0.230953,0.339087,0.193080,0.323597,0.336503,0.252052,0.200452,0.436679,0.502706,0.207844,0.544006,0.425201
570.000014,0.233485,0.260505,0.192933,0.888727,0.246724,0.352902,0.200469,0.308175,0.348147,0.266219,0.205174,0.439945,0.494346,0.218814,0.557605,0.422227
571.000014,0.210079,0.277989,0.195846,0.930678,0.251927,0.359733,0.205062,0.309896,0.343728,0.256672,0.205546,0.434380,0.490888,0.222701,0.540772,0.430714
572.000014,0.213338,0.308632,0.203143,0.991862,0.244298,0.353854,0.194911,0.308874,0.341453,0.259172,0.208448,0.429998,0.490182,0.219466,0.548791,0.451729
573.000014,0.207310,0.303562,0.202811,1.022974,0.244643,0.348115,0.194396,0.320377,0.330796,0.236958,0.198155,0.428867,0.489758,0.212905,0.544696,0.462405
574.000014,0.224017,0.290093,0.204159,1.004630,0.240839,0.351458,0.179526,0.321991,0.330733,0.244559,0.207886,0.418647,0.492853,0.212130,0.552120,0.469559
575.000014,0.211448,0.260935,0.205913,0.953698,0.255293,0.373550,0.203500,0.324917,0.334947,0.235906,0.185565,0.419973,0.494237,0.207144,0.540590,0.449984
576.000014,0.200419,0.270747,0.216670,0.924968,0.248498,0.371103,0.202013,0.309778,0.341301,0.253442,0.193434,0.407000,0.496229,0.217360,0.551594,0.436896
577.000014,0.201961,0.275436,0.224191,0.949433,0.252537,0.355233,0.203947,0.305119,0.334722,0.247717,0.188518,0.418311,0.495932,0.219896,0.553743,0.438752
578.000014,0.190336,0.289161,0.227425,0.934761,0.247401,0.348440,0.208539,0.302907,0.340650,0.255018,0.206589,0.421109,0.489236,0.236212,0.573437,0.445192
579.000014,0.192308,0.289790,0.227006,0.961057,0.248570,0.338664,0.212823,0.302434,0.330675,0.242802,0.203870,0.425169,0.492594,0.233400,0.571668,0.445805
580.000014,0.198567,0.281935,0.234133,0.970548,0.258935,0.343588,0.202170,0.311073,0.342900,0.244271,0.203804,0.434223,0.491201,0.232086,0.576378,0.435345
581.000014,0.208259,0.285241,0.219441,0.985694,0.257564,0.350074,0.182797,0.313503,0.336610,0.246126,0.207382,0.426391,0.501626,0.230527,0.562979,0.436709
582.000014,0.195850,0.285307,0.227778,0.956314,0.254642,0.357674,0.186931,0.321052,0.344056,0.255480,0.210867,0.439262,0.501323,0.228881,0.562210,0.445419
583.000014,0.205185,0.301432,0.224422,0.925057,0.254736,0.371381,0.213117,0.327587,0.337643,0.265680,0.207620,0.434672,0.502692,0.231412,0.565161,0.448558
584.000014,0.209410,0.307987,0.231121,0.918995,0.261008,0.365696,0.219197,0.324772,0.336389,0.278605,0.210236,0.434725,0.505492,0.243529,0.580226,0.442068
585.000014,0.226902,0.309775,0.233082,0.952673,0.273236,0.364007,0.208077,0.323155,0.338494,0.269792,0.206947,0.432061,0.514924,0.252510,0.571308,0.433726
586.000014,0.213641,0.295453,0.241764,0.996271,0.268681,0.349423,0.192691,0.324321,0.341690,0.268772,0.213460,0.428111,0.520014,0.256045,0.576646,0.433857
587.000014,0.216474,0.280436,0.246930,1.014102,0.261105,0.351473,0.184630,0.333059,0.344558,0.262462,0.207916,0.434541,0.514435,0.242678,0.567505,0.432995
588.000014,0.213037,0.270160,0.227432,0.980654,0.267234,0.368836,0.193140,0.342811,0.355737,0.269881,0.207935,0.433582,0.493551,0.241577,0.575754,0.430929
589.000014,0.202942,0.277915,0.224646,0.929609,0.271742,0.386653,0.196371,0.337562,0.349420,0.282273,0.205961,0.431324,0.486994,0.239550,0.562963,0.420547
590.000014,0.188481,0.286579,0.230386,0.967414,0.280808,0.384454,0.190707,0.337844,0.341711,0.280774,0.209977,0.425664,0.499829,0.249222,0.564307,0.440581
590.500026,0.178285,0.309119,0.245411,1.017173,0.269857,0.368650,0.175338,0.325271,0.337204,0.277430,0.223022,0.420425,0.511696,0.244463,0.553139,0.436353
591.000026,0.173807,0.319682,0.239503,1.012131,0.269019,0.359389,0.179909,0.317249,0.340944,0.261830,0.221262,0.425640,0.519002,0.249750,0.544156,0.443527
591.500026,0.196980,0.326180,0.234690,0.999229,0.271625,0.359545,0.193596,0.317124,0.334077,0.257108,0.221718,0.429555,0.518196,0.238843,0.532453,0.419359
592.000026,0.208746,0.325145,0.236428,0.944367,0.270444,0.374691,0.210898,0.321549,0.319250,0.263083,0.218369,0.430514,0.518835,0.245117,0.540720,0.426126
592.500026,0.218016,0.327965,0.232143,0.972024,0.268655,0.381806,0.217243,0.333805,0.317467,0.265822,0.218517,0.416629,0.523133,0.244624,0.556779,0.419139
593.000026,0.196172,0.348793,0.235770,0.945539,0.263945,0.390046,0.213354,0.330733,0.325378,0.266347,0.218795,0.416379,0.520327,0.250876,0.566394,0.427275
593.500026,0.203293,0.351503,0.232874,0.959881,0.275863,0.381743,0.208645,0.340634,0.337413,0.270663,0.218392,0.415720,0.518834,0.245697,0.563708,0.436191
594.000026,0.208094,0.347144,0.232380,0.987832,0.279030,0.390821,0.195248,0.337643,0.339532,0.276784,0.220833,0.422624,0.521298,0.237125,0.561047,0.441865
594.500026,0.218322,0.323493,0.233794,1.018520,0.286471,0.381663,0.194310,0.337227,0.343977,0.274125,0.230421,0.430824,0.515878,0.238275,0.559282,0.447519
595.000026,0.207626,0.315170,0.239998,1.027594,0.277628,0.389937,0.182827,0.326716,0.331234,0.270867,0.226444,0.430891,0.526319,0.239123,0.562669,0.448421
595.500026,0.206477,0.310531,0.240484,0.997199,0.273894,0.371286,0.192430,0.329287,0.335568,0.273382,0.229186,0.427576,0.526020,0.246352,0.568104,0.445954
596.000026,0.194970,0.315703,0.241803,0.954621,0.263049,0.387487,0.195715,0.334406,0.339202,0.272741,0.222068,0.410892,0.528322,0.245195,0.579471,0.446297
596.500026,0.196179,0.323103,0.237321,0.954812,0.265136,0.384640,0.200020,0.343438,0.358337,0.277041,0.227144,0.411650,0.528142,0.242978,0.582229,0.435009
597.000026,0.180972,0.325629,0.247886,0.934202,0.269990,0.389176,0.193790,0.342368,0.362854,0.272732,0.220870,0.416574,0.514092,0.242143,0.579811,0.430983
597.500026,0.206145,0.325595,0.249859,0.920124,0.271986,0.374904,0.196163,0.345080,0.364923,0.282631,0.217773,0.428114,0.507108,0.245161,0.581203,0.422365
598.000026,0.202955,0.327778,0.260137,0.878313,0.276088,0.376143,0.218806,0.347323,0.359028,0.276734,0.209952,0.415336,0.495922,0.253022,0.582196,0.420536
598.500026,0.214187,0.338332,0.250318,0.847091,0.285944,0.382505,0.230219,0.346780,0.353689,0.276356,0.216519,0.419418,0.507159,0.248569,0.584044,0.429931
599.000026,0.188735,0.343682,0.248855,0.857309,0.291274,0.383052,0.230055,0.338682,0.351804,0.288860,0.217028,0.399968,0.515498,0.250542,0.574544,0.439783
599.500026,0.197536,0.364868,0.241790,0.877807,0.287527,0.391610,0.207205,0.330427,0.346028,0.300888,0.216402,0.409955,0.525928,0.250638,0.566865,0.443913
600.000026,0.203827,0.362257,0.255746,0.943180,0.273490,0.392010,0.196250,0.329803,0.349604,0.299452,0.216739,0.408035,0.524292,0.263798,0.562491,0.449227
600.500026,0.205757,0.363426,0.258344,1.009910,0.270506,0.396092,0.180204,0.328745,0.333729,0.293922,0.218342,0.421019,0.527075,0.260395,0.563241,0.455020
601.000026,0.197611,0.338589,0.255124,1.054339,0.273570,0.386433,0.178795,0.338568,0.336247,0.278627,0.227170,0.417479,0.519621,0.251844,0.575507,0.448960
601.500026,0.187348,0.337530,0.244210,1.049673,0.275858,0.387744,0.178080,0.333962,0.324744,0.290852,0.220046,0.414198,0.526737,0.240479,0.593002,0.437578
602.000026,0.189477,0.338708,0.246650,1.028802,0.272897,0.388506,0.197770,0.346838,0.336924,0.296295,0.219054,0.414552,0.525756,0.238559,0.594449,0.430147
602.500026,0.188951,0.342867,0.245356,0.990897,0.277154,0.392482,0.209443,0.339162,0.335915,0.318013,0.225853,0.420762,0.523968,0.250929,0.587207,0.442457
603.000026,0.201392,0.336020,0.244273,0.976060,0.284249,0.392351,0.211777,0.354871,0.330265,0.310365,0.226265,0.426495,0.521499,0.257610,0.569153,0.445216
603.500026,0.221003,0.333579,0.247143,0.996721,0.288511,0.386890,0.202355,0.345038,0.344426,0.300186,0.219854,0.431490,0.524615,0.258736,0.571823,0.449347
604.000026,0.224414,0.325336,0.263462,1.041659,0.283895,0.376266,0.204184,0.351143,0.349347,0.286657,0.214917,0.431796,0.525133,0.241137,0.568409,0.447865
604.500026,0.207428,0.328799,0.269329,1.044247,0.277785,0.373562,0.211827,0.342725,0.363909,0.295791,0.219605,0.425825,0.525057,0.237842,0.580215,0.457772
605.000026,0.183626,0.320178,0.261170,1.005602,0.276525,0.379661,0.212702,0.349318,0.350408,0.300085,0.230418,0.426432,0.522376,0.233040,0.587877,0.451968
605.500026,0.196136,0.323500,0.254904,0.941138,0.280558,0.393524,0.216646,0.345970,0.347406,0.305550,0.224594,0.420203,0.534987,0.243685,0.598264,0.462787
606.000026,0.210179,0.328199,0.249912,0.933576,0.283054,0.402383,0.217058,0.353186,0.345615,0.304922,0.219215,0.422604,0.537006,0.238619,0.600199,0.444049
606.500026,0.215632,0.340059,0.254370,0.907983,0.295269,0.419051,0.228401,0.355197,0.339449,0.308004,0.219938,0.413337,0.536480,0.253070,0.601882,0.455388
607.000026,0.208318,0.358306,0.256907,0.932908,0.297883,0.419228,0.221265,0.353967,0.328096,0.295009,0.221606,0.404156,0.535165,0.256461,0.584230,0.438517
607.500026,0.210339,0.357767,0.268300,0.943853,0.305017,0.414239,0.216977,0.345675,0.327982,0.297813,0.223674,0.406700,0.535936,0.264725,0.559054,0.457966
608.000026,0.206302,0.366075,0.275540,0.956822,0.296121,0.396510,0.218280,0.341668,0.322549,0.291351,0.221512,0.412875,0.539638,0.255295,0.541897,0.443906
608.500026,0.200100,0.359663,0.274436,0.981114,0.293344,0.388652,0.217008,0.346877,0.331832,0.304219,0.224954,0.439232,0.547956,0.249635,0.570200,0.453441
609.000026,0.198507,0.367796,0.278148,1.003874,0.288841,0.398198,0.219817,0.347112,0.325741,0.288420,0.235127,0.436986,0.547765,0.250957,0.582080,0.453678
609.500026,0.209860,0.361915,0.273150,1.027760,0.296491,0.400330,0.210978,0.345820,0.339834,0.288331,0.232513,0.439909,0.548056,0.244833,0.599540,0.456986
610.000026,0.214306,0.346779,0.278664,1.052929,0.306456,0.409101,0.219671,0.345038,0.349537,0.285292,0.236559,0.439356,0.534516,0.245393,0.579813,0.459087
610.500026,0.208037,0.322920,0.274344,1.048834,0.313807,0.397799,0.216714,0.362884,0.353183,0.291707,0.234377,0.438592,0.528204,0.236489,0.588168,0.460923
611.000026,0.215170,0.326149,0.266568,1.007198,0.304971,0.398886,0.237084,0.369684,0.350388,0.295826,0.233094,0.440400,0.532835,0.243804,0.577617,0.458711
611.500026,0.220784,0.335879,0.268545,0.958383,0.300346,0.393264,0.242372,0.364369,0.344760,0.312878,0.231380,0.425948,0.538938,0.246884,0.583444,0.455722
612.000026,0.221198,0.357679,0.266533,0.912242,0.292950,0.398294,0.248071,0.352264,0.350760,0.320700,0.221027,0.419778,0.546312,0.243604,0.586988,0.444051
612.500026,0.212098,0.356189,0.280549,0.963941,0.304100,0.403312,0.239290,0.346272,0.346651,0.315525,0.224035,0.414203,0.545806,0.244384,0.581280,0.449599
613.000026,0.209373,0.359508,0.281619,1.004189,0.305697,0.400789,0.225705,0.347111,0.338817,0.306793,0.217942,0.411621,0.548376,0.238019,0.595025,0.445161
613.500026,0.219530,0.346629,0.284800,1.036800,0.318958,0.397981,0.233097,0.345671,0.342956,0.305141,0.223147,0.414636,0.553876,0.249325,0.596165,0.451673
614.000026,0.223302,0.352092,0.281934,1.006735,0.316452,0.393965,0.238274,0.349074,0.355760,0.312079,0.226818,0.417494,0.549660,0.246142,0.613923,0.460363
614.500026,0.221346,0.351045,0.278417,0.973517,0.320212,0.405920,0.259853,0.360667,0.388382,0.318990,0.225357,0.424508,0.547125,0.251308,0.610197,0.449988
615.000026,0.206098,0.359280,0.295183,0.915026,0.325592,0.403795,0.260876,0.363476,0.388427,0.318996,0.222890,0.428685,0.544417,0.257418,0.601369,0.450494
615.500026,0.198045,0.363589,0.308788,0.912243,0.326458,0.408839,0.271785,0.362668,0.396847,0.313013,0.217079,0.425284,0.540202,0.257769,0.590255,0.439759
616.000026,0.185032,0.371511,0.315816,0.947299,0.330234,0.402386,0.258707,0.346338,0.380813,0.301092,0.222921,0.429457,0.547480,0.262057,0.578497,0.458385
616.500026,0.197083,0.366268,0.316270,1.013419,0.329735,0.411464,0.252103,0.353674,0.385649,0.297988,0.220342,0.420192,0.549410,0.253235,0.583302,0.459214
617.000026,0.195877,0.358864,0.308622,1.065872,0.334951,0.413644,0.231547,0.359086,0.372133,0.306582,0.216945,0.416561,0.555069,0.257286,0.574568,0.454441
617.500026,0.204642,0.347703,0.308203,1.050359,0.325066,0.408998,0.239999,0.369514,0.370033,0.304614,0.217165,0.417815,0.550656,0.266566,0.573756,0.448757
618.000026,0.196776,0.357694,0.298195,1.016481,0.314282,0.403397,0.239055,0.358672,0.370837,0.307075,0.221951,0.430417,0.553928,0.275507,0.573769,0.449571
618.500026,0.197076,0.347448,0.296960,0.941317,0.316439,0.403452,0.248077,0.361879,0.373128,0.291576,0.225931,0.427542,0.546002,0.292342,0.585930,0.466543
619.000026,0.191416,0.355049,0.284298,0.927362,0.322464,0.417798,0.254239,0.366244,0.381831,0.295198,0.226121,0.419751,0.546888,0.290092,0.596100,0.477036
619.500026,0.191547,0.353468,0.282653,0.918473,0.320878,0.423140,0.263503,0.379091,0.373697,0.289479,0.236468,0.412644,0.547842,0.290201,0.589269,0.468613
620.000026,0.187882,0.366052,0.281511,0.933196,0.325523,0.417277,0.260230,0.368614,0.376015,0.309210,0.235106,0.416527,0.560008,0.286070,0.583680,0.466515
620.500026,0.196792,0.366190,0.292176,0.907904,0.326985,0.410364,0.258586,0.369778,0.371622,0.316347,0.236853,0.422400,0.561906,0.292236,0.564339,0.453825
621.000026,0.192402,0.361445,0.294551,0.916254,0.337145,0.411303,0.255921,0.363670,0.371458,0.317700,0.235420,0.417469,0.565329,0.295600,0.581932,0.468277
621.500026,0.205237,0.368414,0.297304,0.909944,0.337389,0.405992,0.261408,0.363489,0.369053,0.313597,0.234900,0.416615,0.554370,0.291815,0.581351,0.465606
622.000026,0.201155,0.386678,0.300432,0.933060,0.337545,0.405981,0.250038,0.361113,0.352848,0.304349,0.226045,0.410224,0.558136,0.286305,0.595424,0.463164
622.500026,0.204023,0.389185,0.299297,0.952030,0.347048,0.406237,0.253658,0.360070,0.354221,0.312808,0.218425,0.422062,0.561044,0.284513,0.589788,0.450184
623.000026,0.204424,0.375009,0.314257,0.988341,0.350401,0.403302,0.242225,0.370943,0.361884,0.312558,0.217680,0.422863,0.574605,0.284813,0.579035,0.455270
623.500026,0.214387,0.363836,0.324881,1.039795,0.348570,0.403221,0.246306,0.372085,0.372409,0.310370,0.221731,0.424548,0.567763,0.277820,0.575518,0.456158
624.000026,0.206673,0.383042,0.333642,1.096598,0.340739,0.394942,0.235738,0.369906,0.361287,0.303130,0.224379,0.425473,0.563141,0.277165,0.560393,0.464028
624.500026,0.188026,0.393376,0.317162,1.088126,0.336204,0.407909,0.244781,0.375022,0.356733,0.307220,0.228575,0.421120,0.561988,0.274753,0.566115,0.466650
625.000026,0.176801,0.403464,0.303823,1.022300,0.340151,0.416555,0.256174,0.388133,0.363681,0.314865,0.234842,0.420224,0.570037,0.279778,0.571563,0.470117
625.500026,0.190912,0.398150,0.289241,0.959321,0.338899,0.430584,0.265641,0.388686,0.370967,0.317651,0.227047,0.419143,0.568770,0.282966,0.581441,0.467153
626.000026,0.205379,0.407067,0.297911,0.966274,0.337099,0.432877,0.266151,0.371777,0.374050,0.321346,0.220177,0.428543,0.570883,0.290594,0.587492,0.458473
626.500026,0.209783,0.395649,0.309992,0.972088,0.339984,0.429879,0.258141,0.361405,0.376302,0.319920,0.211534,0.431583,0.573501,0.292173,0.566475,0.462882
627.000026,0.192981,0.400084,0.333191,1.008851,0.343044,0.408667,0.257181,0.355140,0.399486,0.324131,0.217027,0.425845,0.568592,0.294565,0.555751,0.462700
627.500026,0.190203,0.384273,0.336580,1.015722,0.344128,0.394239,0.253444,0.367313,0.395708,0.313084,0.228364,0.423139,0.574351,0.293450,0.555875,0.463394
628.000026,0.190152,0.383746,0.338720,1.007939,0.347500,0.375723,0.252634,0.360978,0.407819,0.305648,0.233483,0.424541,0.575152,0.288291,0.558055,0.466242
628.500026,0.202662,0.386848,0.331751,0.956104,0.349288,0.383306,0.256624,0.374052,0.404080,0.302746,0.236521,0.430449,0.578733,0.288888,0.557166,0.473590
629.000026,0.214001,0.392603,0.337785,0.921781,0.351204,0.384232,0.263302,0.381253,0.413187,0.314224,0.231964,0.433329,0.559984,0.285532,0.564578,0.456616
629.500026,0.223969,0.391972,0.340657,0.914627,0.342089,0.385008,0.271654,0.397281,0.400484,0.329379,0.223799,0.423536,0.550290,0.290475,0.588641,0.456548
630.000026,0.224657,0.387003,0.347095,0.931602,0.340562,0.379825,0.270056,0.397783,0.406425,0.338173,0.222745,0.418213,0.552945,0.287309,0.600796,0.453969
630.500026,0.214146,0.389604,0.342713,0.954296,0.344177,0.381577,0.258733,0.393420,0.409027,0.325885,0.213760,0.426402,0.576178,0.286776,0.592589,0.478902
631.000026,0.198132,0.390360,0.335091,0.969498,0.348774,0.387626,0.252212,0.391327,0.422921,0.329020,0.215202,0.441604,0.589036,0.283006,0.593719,0.487981
631.500026,0.211670,0.399425,0.329675,0.958448,0.356979,0.393589,0.247168,0.385661,0.429576,0.326101,0.215780,0.452185,0.586472,0.273945,0.590339,0.486698
632.000026,0.200527,0.415987,0.338333,0.952023,0.352940,0.395464,0.251744,0.382787,0.425629,0.328318,0.226790,0.452039,0.582388,0.269930,0.581524,0.491657
632.500026,0.200760,0.417103,0.342247,0.986614,0.354072,0.395840,0.241360,0.376373,0.416640,0.326898,0.238410,0.452225,0.579877,0.267967,0.575268,0.486579
633.000026,0.184365,0.411514,0.348649,1.043838,0.348788,0.392230,0.229403,0.369310,0.395879,0.325608,0.236200,0.450097,0.585892,0.272095,0.577607,0.488875
633.500026,0.190272,0.397985,0.339758,1.065971,0.345648,0.390358,0.231970,0.373701,0.405052,0.328107,0.227649,0.442948,0.586189,0.273732,0.596233,0.483328
634.000026,0.214867,0.397356,0.334745,1.060836,0.349017,0.395371,0.240646,0.377866,0.408802,0.334063,0.215153,0.445067,0.592408,0.273082,0.592867,0.476501
634.500026,0.226955,0.406408,0.339145,1.007712,0.342407,0.403556,0.257849,0.385416,0.422931,0.335803,0.212333,0.437826,0.582229,0.274031,0.597236,0.468589
635.000026,0.244997,0.417853,0.344030,0.954570,0.344515,0.404493,0.257744,0.382162,0.419264,0.343944,0.221668,0.430919,0.577743,0.280616,0.591354,0.462059
635.500026,0.241984,0.427407,0.349581,0.923945,0.343199,0.398628,0.256122,0.369437,0.420462,0.334049,0.228557,0.419967,0.573074,0.285234,0.600662,0.470120
636.000026,0.230617,0.433886,0.352224,0.908730,0.347468,0.392336,0.256554,0.365377,0.427818,0.329724,0.234087,0.431813,0.586637,0.291331,0.588948,0.479293
636.500026,0.228668,0.429001,0.356241,1.000534,0.348081,0.393800,0.244781,0.356335,0.431538,0.334709,0.230703,0.437728,0.587763,0.286773,0.587740,0.468171
637.000026,0.213765,0.442301,0.360108,1.048968,0.335917,0.397844,0.249795,0.366455,0.435361,0.338370,0.228526,0.440016,0.585929,0.278787,0.578325,0.462600
637.500026,0.215841,0.436668,0.367648,1.045290,0.333751,0.392111,0.212299,0.378814,0.443700,0.340684,0.227201,0.433009,0.579847,0.276762,0.596079,0.461466
638.000026,0.194269,0.451033,0.372699,0.994741,0.345527,0.393133,0.177557,0.393312,0.443403,0.335671,0.225784,0.424032,0.582958,0.278528,0.602492,0.464282
638.500026,0.204806,0.444975,0.376272,0.936249,0.358733,0.393799,0.127873,0.394116,0.445600,0.336915,0.230580,0.422286,0.588099,0.285694,0.596962,0.467203
639.000026,0.206697,0.447874,0.362718,0.965915,0.367098,0.409324,0.114872,0.386737,0.436850,0.340343,0.230238,0.425611,0.588934,0.280778,0.589949,0.466985
639.500026,0.209765,0.446056,0.368414,0.976973,0.357946,0.405508,0.120967,0.374566,0.447206,0.333208,0.232832,0.438255,0.592525,0.277943,0.596071,0.475983
640.000026,0.206561,0.450157,0.370545,1.039251,0.360873,0.403807,0.124914,0.369427,0.445072,0.324000,0.228188,0.441828,0.583667,0.274836,0.614339,0.458872
640.500026,0.201021,0.440484,0.378520,1.101590,0.359123,0.382240,0.120333,0.367970,0.447042,0.336115,0.232896,0.438095,0.591748,0.277462,0.621821,0.449174
641.000026,0.209181,0.438689,0.379926,1.141033,0.357534,0.375093,0.127910,0.370519,0.443262,0.346372,0.229063,0.441113,0.590651,0.278665,0.613539,0.442833
641.500026,0.220381,0.428917,0.380321,1.120986,0.367881,0.373170,0.141263,0.375000,0.465152,0.354429,0.222708,0.439538,0.594177,0.274036,0.610884,0.444569
642.000026,0.213281,0.441069,0.374495,1.050008,0.374036,0.382915,0.152973,0.379706,0.474028,0.349582,0.217562,0.436305,0.582847,0.277462,0.609526,0.457926
642.500026,0.223084,0.451845,0.361123,0.997605,0.384673,0.400426,0.141079,0.372173,0.485935,0.349206,0.221850,0.424124,0.578577,0.270878,0.618933,0.467611
643.000026,0.209283,0.461792,0.349635,0.984731,0.382440,0.416857,0.132612,0.367505,0.461908,0.359391,0.226205,0.413596,0.581721,0.274724,0.615482,0.490211
643.500026,0.221872,0.467291,0.351112,1.016413,0.381009,0.426906,0.137156,0.365887,0.442702,0.368487,0.220655,0.415223,0.584797,0.266014,0.614405,0.477761
644.000026,0.201850,0.460874,0.366718,1.008853,0.389691,0.428993,0.154685,0.370508,0.436911,0.374338,0.216937,0.423486,0.581977,0.272772,0.602552,0.475392
644.500026,0.191474,0.470802,0.376136,0.989776,0.382568,0.423908,0.148425,0.366751,0.448299,0.376577,0.220396,0.424998,0.585446,0.282162,0.599653,0.469397
645.000026,0.199481,0.464201,0.385220,0.977642,0.378859,0.416415,0.140950,0.365610,0.453226,0.359417,0.224367,0.426308,0.599255,0.282201,0.587422,0.482963
645.500026,0.202579,0.457487,0.381921,0.968325,0.368781,0.404095,0.134594,0.366055,0.453829,0.356763,0.230774,0.428079,0.611215,0.277179,0.585444,0.479035
646.000026,0.205254,0.459359,0.393997,0.993743,0.368542,0.391006,0.133060,0.371993,0.462647,0.351145,0.227673,0.445186,0.603780,0.260512,0.591325,0.478636
646.500026,0.196380,0.479594,0.399987,1.011258,0.369168,0.390592,0.131664,0.365918,0.470548,0.356743,0.227357,0.444771,0.592512,0.247227,0.596959,0.476522
647.000026,0.203045,0.480274,0.404977,1.078790,0.370251,0.395047,0.117045,0.363745,0.452663,0.348230,0.221838,0.442967,0.583942,0.249219,0.599367,0.467636
647.500026,0.221037,0.469334,0.392805,1.120632,0.369164,0.400516,0.126640,0.368755,0.455542,0.347032,0.228857,0.436548,0.588402,0.259017,0.590756,0.457905
648.000026,0.227914,0.457427,0.391099,1.123085,0.375527,0.395981,0.141602,0.380557,0.458244,0.354713,0.232456,0.434269,0.588923,0.272438,0.592379,0.447680
648.500026,0.226864,0.461783,0.387622,1.074810,0.379179,0.403675,0.158277,0.390986,0.476982,0.363270,0.235175,0.424731,0.587930,0.271369,0.593527,0.459063
649.000026,0.209104,0.481822,0.396173,1.020000,0.396334,0.416764,0.156261,0.374514,0.464121,0.355846,0.228044,0.430579,0.598283,0.270494,0.604923,0.463814
649.500026,0.206656,0.479765,0.402353,1.026790,0.401567,0.430266,0.153609,0.362621,0.471978,0.353099,0.223808,0.431834,0.598526,0.266557,0.607323,0.471298
650.000026,0.198554,0.492823,0.408423,1.062882,0.389703,0.428373,0.157630,0.361375,0.478339,0.360456,0.225903,0.444714,0.605100,0.261857,0.622504,0.463169
650.500026,0.187499,0.480653,0.420259,1.068255,0.378269,0.417085,0.168647,0.375881,0.478192,0.366887,0.224431,0.437072,0.595016,0.258005,0.621075,0.465869
651.000026,0.188232,0.476867,0.418916,1.022481,0.382248,0.421131,0.169909,0.379300,0.469420,0.379864,0.225295,0.427635,0.599773,0.263559,0.610341,0.464321
651.500026,0.192624,0.485719,0.418093,0.983523,0.398427,0.426789,0.173763,0.379236,0.459425,0.374737,0.223454,0.421311,0.603394,0.273029,0.587500,0.470254
652.000026,0.206265,0.488597,0.421948,0.975017,0.406603,0.426857,0.156724,0.374964,0.473765,0.370624,0.236206,0.431885,0.604327,0.272388,0.575867,0.475987
652.500026,0.187502,0.509509,0.432361,1.005333,0.394873,0.424826,0.152121,0.365953,0.473784,0.358030,0.239465,0.452462,0.603860,0.270929,0.588747,0.471967
653.000026,0.193188,0.494557,0.441729,1.056340,0.402435,0.420800,0.145903,0.363397,0.480951,0.359175,0.231656,0.452593,0.600550,0.251256,0.600822,0.464312
653.500026,0.200299,0.490572,0.456673,1.120384,0.399167,0.416637,0.159234,0.367087,0.478468,0.376141,0.221569,0.448050,0.606616,0.250853,0.617944,0.460980
654.000026,0.216950,0.478126,0.457864,1.143672,0.399589,0.419645,0.174220,0.379516,0.493210,0.369309,0.222128,0.449919,0.608331,0.253020,0.622754,0.445880
654.500026,0.214292,0.481056,0.448643,1.132159,0.395135,0.426607,0.190016,0.389785,0.512445,0.374843,0.231743,0.456328,0.604245,0.271373,0.623701,0.458793
655.000026,0.217920,0.482645,0.431653,1.113770,0.399428,0.447941,0.217449,0.396379,0.517265,0.373836,0.238294,0.456059,0.596078,0.283371,0.623802,0.442299
655.500026,0.212824,0.497638,0.428247,1.106181,0.417458,0.447749,0.217893,0.384682,0.523745,0.390579,0.234315,0.451515,0.594947,0.287725,0.622814,0.457856
656.000026,0.223604,0.496187,0.441355,1.083831,0.420912,0.441135,0.223195,0.379269,0.515657,0.380983,0.234816,0.447333,0.605519,0.290986,0.618896,0.452839
656.500026,0.210256,0.520679,0.438053,1.035672,0.417275,0.430621,0.212986,0.369775,0.521574,0.373047,0.222472,0.436604,0.605959,0.286354,0.616398,0.458711
657.000026,0.206639,0.515341,0.452277,0.982296,0.408429,0.432824,0.223719,0.380786,0.500289,0.371469,0.226827,0.430775,0.613521,0.286158,0.604598,0.457828
657.500026,0.207933,0.523127,0.455842,0.960873,0.399898,0.429048,0.215428,0.370713,0.501538,0.377979,0.224254,0.433948,0.621576,0.292903,0.611761,0.458280
658.000026,0.214011,0.531210,0.469057,0.999537,0.400090,0.438891,0.207044,0.355082,0.496349,0.382958,0.232407,0.443421,0.626399,0.298123,0.607389,0.457433
658.500026,0.229348,0.530998,0.462550,0.998661,0.399931,0.437945,0.184796,0.354322,0.504535,0.383263,0.238870,0.451662,0.622364,0.297217,0.610640,0.463253
659.000026,0.235747,0.546224,0.462277,1.000972,0.402846,0.451862,0.185802,0.356075,0.490423,0.384786,0.234144,0.455662,0.612381,0.294228,0.593758,0.461955
659.500026,0.236153,0.526321,0.463921,0.962568,0.411540,0.452052,0.193431,0.375060,0.498312,0.386638,0.236573,0.455151,0.614617,0.295038,0.593687,0.472870
660.000026,0.223600,0.527160,0.475505,0.999732,0.411993,0.447570,0.202880,0.370732,0.501373,0.378161,0.228428,0.452352,0.621762,0.302956,0.596043,0.467203
660.500026,0.195931,0.519421,0.491103,1.019545,0.419510,0.443594,0.194004,0.365157,0.510613,0.372724,0.230123,0.445730,0.618878,0.301379,0.612156,0.480623
661.000026,0.195918,0.517293,0.501954,1.029573,0.423630,0.433355,0.190787,0.355975,0.509206,0.361008,0.233306,0.443677,0.614203,0.295655,0.603199,0.467413
661.500026,0.203496,0.509196,0.494168,1.066485,0.439403,0.441838,0.201532,0.357590,0.512813,0.356671,0.234185,0.442589,0.606872,0.279595,0.597093,0.460644
662.000026,0.211409,0.509644,0.499985,1.083858,0.435438,0.436470,0.213186,0.361078,0.520071,0.350559,0.240236,0.441512,0.607309,0.273087,0.587704,0.442191
662.500026,0.204428,0.517310,0.497961,1.149177,0.422953,0.439834,0.204403,0.369092,0.515659,0.352894,0.231365,0.444676,0.610440,0.275732,0.597983,0.444553
663.000026,0.202016,0.529862,0.500892,1.137118,0.413011,0.440885,0.210102,0.372989,0.514419,0.375269,0.225952,0.442764,0.603588,0.281830,0.614153,0.452572
663.500026,0.194668,0.524916,0.484685,1.123533,0.418708,0.455636,0.229994,0.382140,0.500884,0.393634,0.230336,0.441007,0.594353,0.300346,0.626413,0.454880
664.000026,0.201340,0.523028,0.473093,1.030015,0.429917,0.462765,0.241856,0.378288,0.501165,0.410179,0.237995,0.444449,0.598561,0.312452,0.628823,0.459287
664.500026,0.192995,0.542857,0.491839,1.016783,0.438904,0.464300,0.234400,0.372032,0.505423,0.400515,0.243567,0.448249,0.611093,0.318160,0.625551,0.454861
665.000026,0.205234,0.543226,0.496069,1.072363,0.440726,0.464818,0.224151,0.366636,0.517673,0.393838,0.236512,0.463203,0.622776,0.297919,0.630381,0.448222
665.500026,0.211752,0.545328,0.513792,1.151245,0.436423,0.471629,0.239067,0.373280,0.517626,0.383794,0.241467,0.454795,0.631817,0.294985,0.633989,0.446802
666.000026,0.218504,0.539416,0.507552,1.127715,0.433541,0.477374,0.253371,0.373825,0.514728,0.393532,0.239785,0.463318,0.635205,0.298895,0.648131,0.450753
666.500026,0.215800,0.550577,0.515938,1.062159,0.429472,0.479159,0.253589,0.370615,0.517441,0.389150,0.243740,0.463546,0.643240,0.306635,0.633578,0.463156
667.000026,0.210935,0.565361,0.524902,1.021055,0.436267,0.484674,0.259761,0.370321,0.521298,0.396030,0.234973,0.458291,0.637098,0.302930,0.640073,0.456023
667.500026,0.204167,0.573792,0.531274,1.038656,0.432148,0.486851,0.251089,0.370624,0.517276,0.387411,0.239986,0.446185,0.643702,0.298695,0.627478,0.459626
668.000026,0.199388,0.584811,0.528673,1.091797,0.423481,0.491280,0.257665,0.378135,0.519086,0.397317,0.243787,0.439307,0.643616,0.304236,0.642911,0.450958
668.500026,0.204980,0.581269,0.518146,1.133778,0.439224,0.482795,0.259187,0.366083,0.524524,0.398713,0.247260,0.452999,0.641265,0.305865,0.635410,0.457515
669.000026,0.215432,0.586888,0.519952,1.129338,0.438992,0.483491,0.282227,0.368834,0.538570,0.408409,0.244629,0.458264,0.629292,0.317441,0.634970,0.460042
669.500026,0.224019,0.591190,0.534492,1.060739,0.455058,0.484508,0.296290,0.368344,0.535861,0.410716,0.243726,0.454355,0.629206,0.325629,0.616718,0.462828
670.000026,0.208098,0.614442,0.529858,1.027336,0.436983,0.492507,0.289247,0.368048,0.525685,0.415222,0.244045,0.456739,0.639489,0.324981,0.614384,0.471934
670.500026,0.203492,0.605055,0.537991,1.033574,0.440991,0.499941,0.277774,0.375968,0.527483,0.402236,0.242681,0.459361,0.639691,0.316179,0.612979,0.464086
671.000026,0.191141,0.620128,0.532006,1.036719,0.449573,0.506108,0.272280,0.357882,0.541192,0.403939,0.240057,0.467484,0.645235,0.307471,0.619959,0.461220
671.500026,0.194620,0.616089,0.547698,1.012470,0.460602,0.502394,0.269706,0.357976,0.553712,0.399147,0.240524,0.464983,0.640898,0.305417,0.604704,0.455845
672.000026,0.196560,0.626354,0.552008,1.002522,0.464183,0.491417,0.269530,0.347956,0.559284,0.404821,0.243275,0.465524,0.639943,0.307014,0.604231,0.448105
672.500026,0.206551,0.611815,0.572296,1.030303,0.461846,0.476486,0.260778,0.362001,0.551863,0.413755,0.238848,0.465203,0.635955,0.302923,0.612788,0.444561
673.000026,0.220416,0.603796,0.581103,1.054958,0.458410,0.481174,0.268519,0.367335,0.554841,0.420332,0.239789,0.460790,0.633588,0.305732,0.629643,0.437043
673.500026,0.236918,0.596454,0.575062,1.102946,0.459856,0.493543,0.280025,0.380092,0.553911,0.412478,0.238370,0.453967,0.634174,0.303015,0.628390,0.432823
674.000026,0.239974,0.611265,0.573290,1.128785,0.450401,0.504320,0.293593,0.381243,0.556086,0.407785,0.240188,0.448800,0.640391,0.306000,0.629729,0.438881
674.500026,0.229777,0.625555,0.573008,1.178137,0.446228,0.501504,0.302515,0.382445,0.556644,0.396238,0.234099,0.451500,0.649072,0.313665,0.638294,0.437774
675.000026,0.219929,0.636552,0.582515,1.204161,0.439303,0.496851,0.312017,0.380312,0.558369,0.407769,0.236968,0.455605,0.649837,0.326761,0.647418,0.443323
675.500026,0.222487,0.615577,0.586228,1.228420,0.453482,0.496234,0.324907,0.382731,0.556900,0.408759,0.242219,0.448864,0.641565,0.333292,0.642663,0.435386
676.000026,0.225760,0.620166,0.593828,1.182117,0.450599,0.508541,0.334780,0.376924,0.555721,0.417738,0.246714,0.447129,0.621753,0.330314,0.629197,0.443835
676.500026,0.221180,0.630049,0.587418,1.128649,0.452024,0.518840,0.339417,0.368585,0.545605,0.421358,0.240548,0.435369,0.624951,0.328052,0.616524,0.455038
677.000026,0.229647,0.640242,0.568026,1.103990,0.458785,0.533173,0.335215,0.361973,0.542926,0.431323,0.234787,0.451514,0.630254,0.329192,0.617667,0.457337
677.500026,0.224908,0.633982,0.555185,1.112170,0.466991,0.534796,0.331252,0.372683,0.537056,0.429766,0.230731,0.452760,0.654184,0.331826,0.615401,0.456966
678.000026,0.225143,0.630718,0.556431,1.097539,0.474009,0.534355,0.316095,0.377951,0.537435,0.420180,0.239412,0.472219,0.655733,0.323478,0.627161,0.457336
678.500026,0.216592,0.632769,0.573422,1.053268,0.468725,0.532276,0.310396,0.383477,0.534316,0.412239,0.247805,0.463946,0.661365,0.318298,0.630051,0.459933
679.000026,0.213945,0.632553,0.589031,1.043474,0.469134,0.528145,0.298232,0.373356,0.539923,0.412871,0.256368,0.463806,0.646559,0.313806,0.649723,0.464393
679.500026,0.210035,0.626905,0.598799,1.088670,0.462914,0.529819,0.301199,0.367561,0.552354,0.426777,0.256125,0.448032,0.652415,0.323747,0.650721,0.455852
680.000026,0.204433,0.630432,0.605561,1.133539,0.462227,0.519000,0.304778,0.367036,0.564211,0.427452,0.248788,0.448097,0.643451,0.326956,0.639212,0.458229
680.500026,0.211009,0.637429,0.609747,1.162286,0.470136,0.522181,0.320845,0.372038,0.567841,0.441642,0.247818,0.445657,0.653067,0.339936,0.623518,0.451118
681.000026,0.218811,0.649774,0.615989,1.149104,0.473559,0.524134,0.329446,0.371699,0.570392,0.447298,0.252704,0.451949,0.664236,0.332875,0.614573,0.456515
681.500026,0.225312,0.676391,0.618924,1.119363,0.463724,0.541431,0.334017,0.372438,0.570686,0.448460,0.252235,0.453138,0.669613,0.324714,0.618288,0.451834
682.000026,0.217388,0.679873,0.642910,1.076018,0.460446,0.541301,0.328687,0.371123,0.581888,0.442376,0.245581,0.461014,0.669326,0.310805,0.627887,0.445401
682.500026,0.206571,0.693637,0.657890,1.114103,0.472145,0.538839,0.326350,0.373383,0.581466,0.447740,0.241633,0.456087,0.664698,0.314392,0.635204,0.440124
683.000026,0.208191,0.687065,0.670677,1.151195,0.490886,0.537565,0.330338,0.370576,0.584596,0.452719,0.247166,0.450013,0.673793,0.329435,0.637286,0.444776
683.500026,0.214843,0.678064,0.657333,1.226158,0.502242,0.548652,0.354477,0.376841,0.565158,0.459693,0.246218,0.452290,0.676939,0.321141,0.627557,0.438944
684.000026,0.221011,0.668262,0.658482,1.173347,0.500235,0.559713,0.371298,0.379774,0.566625,0.451570,0.248906,0.454693,0.681027,0.323362,0.631345,0.451715
684.500026,0.202526,0.684425,0.677309,1.162578,0.492902,0.561095,0.364983,0.378325,0.568923,0.457187,0.249214,0.464138,0.675822,0.310565,0.640752,0.456340
685.000026,0.213187,0.709403,0.698143,1.082996,0.491954,0.562448,0.351729,0.373086,0.586613,0.451651,0.259283,0.463051,0.680362,0.319039,0.645482,0.460557
685.500026,0.210929,0.729279,0.702878,1.083083,0.499179,0.564567,0.342786,0.358898,0.578441,0.463187,0.253684,0.466099,0.677161,0.312636,0.650711,0.454702
686.000026,0.222850,0.720477,0.703765,1.061930,0.501480,0.573920,0.352005,0.364306,0.584339,0.456560,0.253935,0.467385,0.680030,0.310860,0.634933,0.441014
686.500026,0.213324,0.715038,0.705859,1.081725,0.499370,0.579558,0.364172,0.373871,0.578216,0.478266,0.246831,0.466602,0.682765,0.304278,0.624948,0.444545
687.000026,0.224900,0.707514,0.726731,1.114775,0.498565,0.586347,0.374385,0.386102,0.589702,0.459765,0.237532,0.473299,0.680867,0.299646,0.625408,0.435801
687.500026,0.232992,0.699347,0.728358,1.126923,0.494931,0.587913,0.376797,0.378640,0.587152,0.462921,0.243785,0.474212,0.674087,0.309135,0.634812,0.438487
688.000026,0.226594,0.703105,0.737599,1.146167,0.497987,0.591343,0.383561,0.373319,0.597794,0.441767,0.243549,0.457209,0.671975,0.325587,0.639413,0.434586
688.500026,0.209825,0.703101,0.731323,1.152746,0.496898,0.586842,0.393088,0.376966,0.592537,0.480026,0.260912,0.444540,0.674888,0.335171,0.627517,0.442465
689.000026,0.197241,0.725252,0.730363,1.187434,0.501577,0.591015,0.412711,0.381884,0.594786,0.470677,0.251862,0.435840,0.694940,0.335097,0.630954,0.448404
689.500026,0.202701,0.735050,0.721150,1.184013,0.505282,0.594101,0.410490,0.379548,0.589803,0.475125,0.252687,0.448382,0.688650,0.330811,0.630111,0.452750
690.000026,0.205763,0.736585,0.724722,1.176846,0.513706,0.602136,0.414163,0.375439,0.597849,0.458153,0.249531,0.450388,0.690198,0.341951,0.635035,0.436127
690.500026,0.211166,0.726029,0.732236,1.165519,0.526006,0.605745,0.405890,0.372189,0.594494,0.487009,0.251038,0.452487,0.692455,0.340122,0.630245,0.438727
691.000026,0.209451,0.725900,0.746419,1.147331,0.528060,0.613614,0.408588,0.367490,0.583955,0.487998,0.250969,0.466229,0.694849,0.333951,0.633727,0.442258
691.500026,0.211404,0.740811,0.749137,1.097560,0.521619,0.618135,0.400931,0.362666,0.573151,0.467974,0.248043,0.468023,0.696678,0.311531,0.635671,0.453729
692.000026,0.206915,0.763819,0.754312,1.056283,0.514310,0.612065,0.401608,0.367494,0.565530,0.456517,0.247686,0.471098,0.674564,0.305736,0.636399,0.441298
692.500026,0.203700,0.756227,0.761997,1.063387,0.510863,0.605198,0.400218,0.369335,0.589921,0.463910,0.253305,0.451808,0.676121,0.307239,0.659133,0.438155
693.000026,0.203326,0.759109,0.767405,1.119847,0.514325,0.618339,0.404843,0.374331,0.604494,0.482790,0.258375,0.455586,0.682613,0.316330,0.661627,0.435000
693.500026,0.210271,0.752581,0.766269,1.180406,0.518746,0.632112,0.427708,0.371282,0.626173,0.498523,0.260047,0.449153,0.693895,0.326200,0.661186,0.452542
694.000026,0.216040,0.776345,0.754524,1.212055,0.525573,0.654304,0.442287,0.370859,0.611947,0.499838,0.259522,0.457593,0.708604,0.328900,0.640677,0.457540
694.500026,0.221786,0.775546,0.763347,1.166707,0.525308,0.650070,0.436937,0.362555,0.617480,0.502054,0.258398,0.453023,0.705639,0.327127,0.634127,0.452947
695.000026,0.215235,0.797573,0.780231,1.120428,0.517731,0.656077,0.430768,0.355247,0.609128,0.488726,0.256109,0.453887,0.705345,0.318696,0.633327,0.432313
695.500026,0.208105,0.790591,0.801869,1.100755,0.514902,0.654084,0.427829,0.351879,0.625822,0.494698,0.265711,0.461047,0.692768,0.315793,0.648992,0.422322
696.000026,0.227841,0.797428,0.813845,1.117847,0.517528,0.664970,0.448160,0.354328,0.631485,0.486629,0.263557,0.462237,0.690787,0.316581,0.659447,0.421258
696.500026,0.222803,0.771278,0.834810,1.120939,0.528209,0.673308,0.460214,0.357564,0.633424,0.482685,0.267191,0.470886,0.698563,0.326606,0.674265,0.428441
697.000026,0.228211,0.779307,0.849518,1.171023,0.531089,0.675504,0.472499,0.359831,0.633949,0.502933,0.268415,0.466494,0.702231,0.333237,0.664982,0.431352
697.500026,0.211364,0.776640,0.845819,1.225763,0.540885,0.693677,0.481544,0.360480,0.626029,0.519710,0.286025,0.468429,0.703927,0.344683,0.652695,0.446153
698.000026,0.218566,0.805435,0.833195,1.272757,0.535502,0.707526,0.483634,0.359713,0.627747,0.536657,0.293933,0.466302,0.701498,0.342191,0.637840,0.452641
698.500026,0.224501,0.821957,0.824646,1.266660,0.530312,0.715373,0.493735,0.362551,0.607293,0.525190,0.291252,0.465102,0.718369,0.339304,0.630764,0.447785
699.000026,0.226234,0.832052,0.837591,1.230859,0.530240,0.711546,0.493317,0.361603,0.600720,0.530930,0.290338,0.469055,0.732575,0.332643,0.634615,0.441258
699.500026,0.223829,0.838305,0.842398,1.221520,0.532303,0.708342,0.505665,0.359814,0.600096,0.524501,0.290303,0.460901,0.742434,0.329131,0.642024,0.444241
700.000026,0.233755,0.827463,0.840865,1.210873,0.538044,0.719296,0.504564,0.356277,0.622246,0.518964,0.287659,0.460864,0.734414,0.325283,0.649980,0.447357
700.500026,0.230083,0.840478,0.835339,1.195491,0.542959,0.737448,0.514909,0.350994,0.627129,0.506194,0.274995,0.466883,0.726081,0.315307,0.647998,0.444042
701.000026,0.237631,0.827085,0.841476,1.120874,0.560230,0.740790,0.499671,0.348515,0.632127,0.502056,0.277334,0.474205,0.713265,0.317345,0.646930,0.436731
701.500026,0.224333,0.837743,0.859317,1.090721,0.577958,0.733320,0.493680,0.347550,0.624855,0.503225,0.273298,0.473487,0.711648,0.311409,0.648186,0.426963
702.000026,0.217434,0.823486,0.868599,1.084277,0.573577,0.724850,0.493472,0.353278,0.622773,0.510933,0.270603,0.464404,0.708592,0.318455,0.654406,0.426447
702.500026,0.206382,0.838170,0.873229,1.155943,0.563940,0.737430,0.509607,0.343876,0.630246,0.523994,0.262200,0.460662,0.712857,0.322668,0.653213,0.421923
703.000026,0.202601,0.852730,0.877059,1.220728,0.547898,0.755923,0.531730,0.338403,0.628289,0.523163,0.270585,0.463282,0.718705,0.344170,0.641894,0.435626
703.500026,0.198413,0.878849,0.878254,1.197458,0.551271,0.760608,0.544695,0.328515,0.635433,0.527863,0.280877,0.461748,0.724585,0.342891,0.632673,0.431432
704.000026,0.197982,0.886727,0.888087,1.201532,0.562275,0.771938,0.557951,0.338904,0.638631,0.513204,0.288779,0.460390,0.726707,0.334231,0.640716,0.439795
704.500026,0.206375,0.888967,0.911096,1.149002,0.578603,0.764227,0.555876,0.334233,0.659907,0.511493,0.288025,0.461320,0.723202,0.326032,0.641345,0.431601
705.000026,0.217413,0.875539,0.944585,1.163155,0.582778,0.778721,0.563077,0.348304,0.683175,0.509434,0.279498,0.459971,0.722351,0.328214,0.653754,0.436036
705.500026,0.231386,0.867750,0.971624,1.133270,0.583662,0.782633,0.562786,0.350912,0.698416,0.534927,0.277557,0.455987,0.728956,0.336081,0.648325,0.428281
706.000026,0.218397,0.878569,0.972893,1.194564,0.577784,0.822346,0.597422,0.352103,0.683520,0.554519,0.275206,0.453163,0.736104,0.333644,0.661242,0.439164
706.500026,0.224900,0.891489,0.970474,1.270952,0.577803,0.838163,0.620836,0.344175,0.679427,0.550662,0.279832,0.456795,0.743917,0.335842,0.650097,0.450449
707.000026,0.216309,0.908998,0.968306,1.300329,0.583671,0.847186,0.634684,0.342506,0.668880,0.543555,0.276703,0.464676,0.739728,0.325899,0.634674,0.447449
707.500026,0.225806,0.910964,0.988624,1.273737,0.592297,0.838868,0.636859,0.340937,0.683778,0.524873,0.276374,0.461567,0.745706,0.318770,0.625474,0.436441
708.000026,0.206786,0.925951,1.006979,1.228003,0.601029,0.833438,0.634437,0.337495,0.674581,0.530804,0.275042,0.460423,0.743851,0.317206,0.626756,0.430357
708.500026,0.216089,0.926369,1.029550,1.208554,0.598636,0.825361,0.635581,0.335187,0.678517,0.529216,0.276785,0.467782,0.745546,0.320906,0.653457,0.429421
709.000026,0.218804,0.915335,1.029179,1.180445,0.597995,0.832425,0.629573,0.346206,0.686397,0.543679,0.278051,0.469507,0.736026,0.326845,0.652876,0.421144
709.500026,0.226415,0.921991,1.042220,1.173864,0.595096,0.843528,0.642774,0.344855,0.697277,0.549075,0.278721,0.474872,0.736267,0.332741,0.659409,0.412931
710.000026,0.230421,0.904703,1.054697,1.189944,0.603454,0.863973,0.658806,0.350659,0.699713,0.552995,0.279083,0.477541,0.740618,0.342955,0.650489,0.422866
710.500026,0.237253,0.904581,1.065392,1.171163,0.605279,0.886609,0.669683,0.347731,0.695700,0.560344,0.279949,0.479378,0.731906,0.347761,0.654350,0.436918
711.000026,0.243904,0.891773,1.082662,1.180481,0.604369,0.891052,0.681945,0.354334,0.692786,0.557069,0.275856,0.470824,0.738995,0.347202,0.646005,0.452327
711.500026,0.233192,0.923816,1.086414,1.192910,0.598682,0.898795,0.704134,0.350828,0.685109,0.562031,0.267557,0.458444,0.745219,0.341791,0.641486,0.459642
712.000026,0.222844,0.947435,1.101150,1.252794,0.601804,0.899936,0.720267,0.348714,0.676182,0.549152,0.266949,0.459073,0.762552,0.336056,0.648165,0.459234
712.500026,0.217802,0.978566,1.099077,1.274838,0.596627,0.908031,0.711153,0.345197,0.679894,0.582639,0.266019,0.456632,0.763429,0.336097,0.653304,0.454378
713.000026,0.219526,0.985359,1.100078,1.317969,0.598655,0.909851,0.705538,0.346134,0.676991,0.586329,0.269022,0.469207,0.759113,0.329145,0.648477,0.443679
713.500026,0.231748,0.995369,1.097014,1.331093,0.597382,0.899702,0.702573,0.347594,0.690474,0.600738,0.259789,0.476541,0.767104,0.324064,0.649342,0.459862
714.000026,0.225501,0.993005,1.098520,1.351762,0.617161,0.903749,0.719142,0.353200,0.689584,0.575267,0.255974,0.479330,0.753168,0.310813,0.653590,0.463058
714.500026,0.224732,1.001304,1.094295,1.296096,0.623779,0.910018,0.719609,0.353537,0.705839,0.577905,0.254747,0.470771,0.750035,0.316491,0.667508,0.454917
715.000026,0.217917,1.000546,1.103583,1.258605,0.632035,0.928650,0.732086,0.352556,0.695973,0.579779,0.257006,0.463475,0.738864,0.322096,0.667323,0.448268
715.500026,0.224257,0.989042,1.127861,1.221668,0.626856,0.935044,0.741699,0.359349,0.701982,0.593827,0.263969,0.465091,0.747030,0.329828,0.661701,0.444162
716.000026,0.216484,0.991944,1.156919,1.245720,0.617365,0.949942,0.761484,0.358574,0.699195,0.591638,0.270108,0.470886,0.758274,0.321604,0.661188,0.464812
716.500026,0.217876,0.992818,1.179048,1.289715,0.624469,0.968185,0.770670,0.363714,0.704062,0.584718,0.273979,0.474778,0.762620,0.310597,0.663081,0.448117
717.000026,0.204168,1.020486,1.188587,1.333428,0.632672,0.974989,0.776471,0.362262,0.701772,0.596105,0.278356,0.489699,0.765527,0.308281,0.672866,0.430380
717.500026,0.218282,1.027664,1.205680,1.318388,0.645624,0.980941,0.778071,0.378113,0.701529,0.596763,0.267151,0.490133,0.762356,0.319675,0.667229,0.421487
718.000026,0.207813,1.034387,1.229347,1.276453,0.635518,0.986791,0.801541,0.374416,0.716325,0.609697,0.267602,0.488257,0.763818,0.348922,0.666834,0.424142
718.500026,0.224642,1.032185,1.245325,1.237018,0.638418,1.009646,0.817987,0.374570,0.722762,0.590380,0.258703,0.475330,0.768897,0.354164,0.662694,0.442732
719.000026,0.215182,1.039606,1.269682,1.233812,0.645301,1.033863,0.841613,0.365207,0.726919,0.595425,0.263620,0.473491,0.782291,0.348779,0.670753,0.434079
719.500026,0.225058,1.053094,1.289959,1.245280,0.650643,1.041305,0.844086,0.374861,0.718840,0.603963,0.251387,0.478424,0.783001,0.331626,0.676216,0.424336
720.000026,0.235675,1.064533,1.311242,1.254839,0.634168,1.061629,0.855054,0.367460,0.717634,0.601357,0.255925,0.479670,0.790532,0.334635,0.677365,0.421858
720.500026,0.238073,1.065993,1.322914,1.288518,0.634005,1.066342,0.858161,0.367048,0.723346,0.609036,0.256467,0.479751,0.776527,0.329233,0.673679,0.427481
721.000026,0.233963,1.081781,1.331643,1.307607,0.647872,1.087724,0.863854,0.360108,0.731341,0.610139,0.263394,0.474386,0.774554,0.320114,0.671952,0.432914
721.500026,0.235077,1.079590,1.339832,1.352183,0.669879,1.084427,0.871111,0.371049,0.728602,0.625265,0.261349,0.479042,0.770950,0.311197,0.675880,0.435013
722.000026,0.241395,1.092471,1.349539,1.364446,0.665509,1.091393,0.873385,0.372787,0.718248,0.623618,0.266347,0.474344,0.773278,0.322247,0.677077,0.434073
722.500026,0.243263,1.091045,1.366043,1.386703,0.660803,1.077205,0.877903,0.387042,0.722221,0.627101,0.273690,0.475151,0.776747,0.326672,0.680971,0.437006
723.000026,0.240793,1.110691,1.387352,1.363979,0.651198,1.075715,0.880890,0.388027,0.723168,0.626586,0.281964,0.471457,0.775324,0.333921,0.688911,0.418322
723.500026,0.235580,1.112607,1.402812,1.353116,0.656011,1.077070,0.883245,0.389188,0.746448,0.629724,0.285268,0.471380,0.779639,0.329013,0.688324,0.414582
724.000026,0.233185,1.128229,1.408049,1.325450,0.649233,1.098596,0.900638,0.373228,0.749959,0.612474,0.287555,0.474274,0.778786,0.340126,0.674681,0.420808
724.500026,0.217014,1.127580,1.410773,1.321437,0.658655,1.109500,0.905554,0.373820,0.759691,0.612902,0.282941,0.473297,0.784312,0.347593,0.676153,0.416901
725.000026,0.217361,1.132310,1.412086,1.314703,0.660931,1.119132,0.925396,0.376183,0.754056,0.623979,0.279754,0.473035,0.782726,0.358312,0.675806,0.433111
725.500026,0.216769,1.131942,1.418788,1.300838,0.661316,1.132145,0.925722,0.381963,0.750554,0.637527,0.284735,0.470575,0.789816,0.360849,0.685888,0.440173
726.000026,0.215435,1.138014,1.431773,1.288229,0.659952,1.156079,0.942955,0.380100,0.750509,0.645050,0.287645,0.472773,0.797600,0.358012,0.669375,0.454951
726.500026,0.214202,1.143390,1.446259,1.284175,0.663354,1.170448,0.940378,0.366671,0.757424,0.644883,0.298669,0.477312,0.810630,0.352776,0.664959,0.448274
727.000026,0.211991,1.160146,1.456759,1.317259,0.672717,1.169004,0.949502,0.374353,0.761996,0.643022,0.297058,0.479560,0.811798,0.343695,0.656560,0.444956
727.500026,0.220182,1.164804,1.474983,1.365623,0.674267,1.163061,0.949516,0.380573,0.767125,0.639738,0.297368,0.474910,0.811924,0.341332,0.667141,0.444380
728.000026,0.216592,1.169055,1.499583,1.384797,0.684651,1.166774,0.974058,0.394216,0.775610,0.636353,0.288046,0.470773,0.804236,0.347713,0.672208,0.438815
728.500026,0.217699,1.169304,1.527873,1.360253,0.683648,1.181263,0.989912,0.400332,0.782935,0.649370,0.286771,0.472278,0.817488,0.349801,0.672942,0.436781
729.000026,0.213135,1.173547,1.557444,1.319786,0.689712,1.218854,1.012133,0.393912,0.780594,0.670832,0.284707,0.481996,0.815028,0.345039,0.661935,0.440539
729.500026,0.218139,1.201129,1.574184,1.309318,0.694013,1.256624,1.039918,0.393818,0.772004,0.683532,0.282061,0.482030,0.819133,0.331492,0.648063,0.439841
730.000026,0.219738,1.210184,1.604299,1.338261,0.706753,1.283538,1.066828,0.383225,0.773515,0.692537,0.279979,0.473429,0.809964,0.324008,0.656722,0.444954
730.500026,0.223433,1.233215,1.633859,1.377494,0.712655,1.293284,1.095204,0.389862,0.777597,0.701214,0.280982,0.477874,0.802167,0.328077,0.666991,0.445263
731.000026,0.229989,1.234181,1.674793,1.421164,0.703856,1.311996,1.114298,0.394271,0.779419,0.701791,0.297412,0.482181,0.797540,0.339994,0.689782,0.453590
731.500026,0.235519,1.239264,1.695105,1.464835,0.710408,1.326614,1.124494,0.398947,0.784551,0.686429,0.295645,0.478820,0.802069,0.351941,0.701718,0.458747
732.000026,0.236171,1.253607,1.705523,1.477355,0.709482,1.354542,1.129269,0.404393,0.786694,0.679305,0.299470,0.472054,0.814345,0.352379,0.698248,0.464043
732.500026,0.218922,1.263800,1.719579,1.440014,0.718060,1.363959,1.137841,0.400382,0.788892,0.694785,0.283197,0.471296,0.831119,0.345334,0.693636,0.475931
733.000026,0.212011,1.268727,1.748066,1.376267,0.716703,1.393416,1.158667,0.389949,0.779854,0.712678,0.283039,0.468890,0.835910,0.351527,0.674312,0.480792
733.500026,0.203510,1.279799,1.765517,1.345014,0.715691,1.408047,1.200576,0.372483,0.790731,0.722714,0.279438,0.474790,0.838465,0.352019,0.675310,0.481360
734.000026,0.216145,1.274057,1.788394,1.336172,0.717866,1.426264,1.217017,0.368602,0.796411,0.724814,0.290934,0.468563,0.842905,0.348756,0.673074,0.478731
734.500026,0.223476,1.294132,1.794991,1.342469,0.720772,1.445252,1.237773,0.379923,0.790350,0.717930,0.291468,0.487318,0.844595,0.327916,0.683613,0.467627
735.000026,0.228912,1.283969,1.812247,1.344313,0.732587,1.452832,1.241487,0.386346,0.788384,0.725163,0.305094,0.484483,0.841256,0.324153,0.683622,0.465438
735.500026,0.222744,1.310488,1.819371,1.355511,0.736138,1.457719,1.252321,0.397879,0.794699,0.707688,0.301191,0.487171,0.840718,0.320353,0.690203,0.455130
736.000026,0.210958,1.337383,1.838627,1.358497,0.739408,1.455138,1.251371,0.394757,0.806953,0.698135,0.299037,0.475018,0.842662,0.321786,0.701310,0.437548
736.500026,0.213552,1.345429,1.843321,1.376327,0.735937,1.476564,1.252882,0.397905,0.804544,0.677544,0.282663,0.467756,0.851596,0.324556,0.713952,0.439484
737.000026,0.216929,1.350355,1.856403,1.429550,0.732978,1.488249,1.260604,0.392947,0.797963,0.692119,0.280316,0.471561,0.843198,0.337606,0.721932,0.444003
737.500026,0.232370,1.326640,1.873062,1.462466,0.739606,1.491253,1.280677,0.394180,0.812778,0.716069,0.288889,0.469016,0.838733,0.365736,0.716089,0.458366
738.000026,0.235204,1.340942,1.898578,1.494721,0.744899,1.501262,1.303595,0.397790,0.820602,0.723974,0.296357,0.464130,0.834000,0.376409,0.696690,0.468084
738.500026,0.224173,1.339854,1.914550,1.461606,0.747435,1.536069,1.335598,0.397879,0.819012,0.731648,0.306805,0.467299,0.838593,0.376235,0.687922,0.467447
739.000026,0.206119,1.349895,1.927562,1.489154,0.738659,1.573033,1.362647,0.395353,0.816359,0.727472,0.304502,0.479851,0.845778,0.357875,0.680174,0.476033
739.500026,0.202804,1.366583,1.951235,1.457408,0.743916,1.599618,1.371574,0.395093,0.817924,0.740346,0.302253,0.485635,0.846091,0.337525,0.690581,0.466551
740.000026,0.208959,1.374080,1.993718,1.431499,0.750399,1.617840,1.387076,0.405309,0.841947,0.738034,0.292997,0.485675,0.853386,0.337229,0.696393,0.467326
740.500026,0.208773,1.407646,2.045229,1.401654,0.747809,1.647988,1.412929,0.412035,0.850920,0.754707,0.311866,0.479523,0.855582,0.339896,0.703727,0.469779
741.000026,0.201757,1.415128,2.097810,1.440615,0.754865,1.683942,1.467614,0.404773,0.859985,0.759290,0.313602,0.486182,0.869182,0.350971,0.709631,0.478587
741.500026,0.203101,1.445302,2.136901,1.461920,0.755498,1.738173,1.523189,0.392405,0.857377,0.786973,0.320106,0.478507,0.868383,0.351802,0.702381,0.487635
742.000026,0.207442,1.455980,2.168131,1.453162,0.775418,1.783385,1.573192,0.396028,0.859573,0.800122,0.308315,0.480522,0.871056,0.347483,0.699260,0.488656
742.500026,0.216208,1.490815,2.202259,1.415894,0.779486,1.820097,1.603108,0.413003,0.876269,0.803822,0.315316,0.481947,0.869937,0.340348,0.708732,0.484952
743.000026,0.223462,1.516636,2.234276,1.425046,0.784177,1.853604,1.626560,0.420842,0.895837,0.784788,0.317989,0.482813,0.872308,0.333085,0.714284,0.480261
743.500026,0.220618,1.521667,2.281480,1.434438,0.783301,1.879889,1.650632,0.423026,0.909378,0.784946,0.323899,0.481482,0.880703,0.338362,0.719973,0.496912
744.000026,0.220646,1.510679,2.313965,1.451660,0.790712,1.916200,1.680681,0.429421,0.912073,0.805221,0.324964,0.472206,0.892556,0.339818,0.704514,0.511871
744.500026,0.213141,1.511784,2.348404,1.463057,0.794104,1.951138,1.720708,0.429478,0.898703,0.816784,0.328324,0.475204,0.905059,0.338212,0.707372,0.523933
745.000026,0.217073,1.526998,2.379916,1.472650,0.800683,1.976681,1.756592,0.433020,0.890640,0.824787,0.316520,0.481434,0.910695,0.326634,0.708934,0.520086
745.500026,0.221109,1.557249,2.418131,1.501551,0.799176,2.000266,1.786039,0.417648,0.886195,0.830706,0.316633,0.493493,0.906224,0.323251,0.718301,0.515285
746.000026,0.222501,1.560417,2.457175,1.530874,0.812446,2.012945,1.803892,0.420561,0.904625,0.857324,0.305548,0.505923,0.905974,0.318250,0.717938,0.497898
746.500026,0.212485,1.578342,2.476064,1.569945,0.826328,2.035107,1.816921,0.416575,0.917456,0.869771,0.312568,0.503935,0.900513,0.315298,0.715135,0.487847
747.000026,0.214224,1.594339,2.489875,1.569874,0.824792,2.050452,1.836176,0.420881,0.926433,0.879022,0.316148,0.504514,0.906347,0.318674,0.722038,0.475750
747.500026,0.219743,1.632169,2.511414,1.555353,0.818156,2.066291,1.851625,0.425110,0.917568,0.868576,0.320776,0.499384,0.907859,0.323308,0.724538,0.464879
748.000026,0.233670,1.641036,2.535964,1.530944,0.809395,2.076728,1.868899,0.431397,0.920987,0.876370,0.323143,0.502207,0.908668,0.334686,0.726112,0.454773
748.500026,0.242700,1.639433,2.553129,1.522245,0.813351,2.094704,1.881143,0.437136,0.939350,0.871386,0.319438,0.486921,0.905689,0.351638,0.730439,0.460016
749.000026,0.242375,1.608395,2.566652,1.525608,0.838730,2.105015,1.900044,0.441935,0.955517,0.876548,0.322586,0.482691,0.899448,0.353120,0.724501,0.487451
749.500026,0.247718,1.609960,2.581801,1.545785,0.849215,2.123463,1.908180,0.437307,0.965162,0.866867,0.320579,0.474673,0.902127,0.360745,0.722977,0.499757
750.000026,0.230782,1.618718,2.593220,1.550897,0.871593,2.134867,1.920627,0.431717,0.956844,0.869041,0.317065,0.484883,0.901993,0.346494,0.727025,0.502825
750.500026,0.232865,1.641549,2.612804,1.553024,0.863675,2.148679,1.925511,0.428661,0.955332,0.882172,0.317037,0.491526,0.898766,0.358395,0.726116,0.488917
751.000026,0.228346,1.649478,2.632120,1.525860,0.856703,2.165006,1.943577,0.428643,0.958104,0.892896,0.315683,0.497301,0.896903,0.357092,0.719962,0.497035
751.500026,0.226850,1.646557,2.643235,1.525044,0.844922,2.177967,1.954827,0.444074,0.961778,0.904726,0.322253,0.497695,0.889140,0.358592,0.705474,0.510174
752.000026,0.220474,1.637707,2.644523,1.508785,0.850116,2.193444,1.967277,0.444172,0.955793,0.897636,0.318993,0.491781,0.900885,0.353896,0.722221,0.514531
752.500026,0.214296,1.632657,2.639045,1.506536,0.854247,2.216893,1.990056,0.457909,0.949283,0.902568,0.322511,0.492590,0.902946,0.337898,0.729302,0.504618
753.000026,0.230959,1.637110,2.658290,1.486652,0.855500,2.236356,2.011421,0.450548,0.945820,0.899520,0.317262,0.492801,0.915657,0.327087,0.725727,0.506523
753.500026,0.224978,1.651716,2.675103,1.479421,0.848387,2.274253,2.043902,0.453700,0.947144,0.903884,0.319094,0.487428,0.927086,0.313920,0.712897,0.500736
754.000026,0.233998,1.670013,2.706195,1.508863,0.864955,2.294105,2.066533,0.443716,0.950376,0.915434,0.320817,0.480433,0.920609,0.316029,0.717839,0.495277
754.500026,0.220257,1.696023,2.735797,1.555580,0.870636,2.316293,2.095189,0.448166,0.957891,0.933132,0.324462,0.474480,0.921566,0.319738,0.732209,0.485153
755.000026,0.224201,1.711260,2.775879,1.605359,0.887703,2.329042,2.121972,0.445696,0.970711,0.942057,0.322411,0.495013,0.907002,0.339588,0.735743,0.493574
755.500026,0.205801,1.723510,2.824511,1.591124,0.874782,2.363689,2.153960,0.457165,0.987374,0.952211,0.327056,0.510210,0.930711,0.349097,0.728705,0.509732
756.000026,0.194051,1.728855,2.885172,1.559632,0.884644,2.408601,2.213387,0.449536,0.999690,0.955558,0.323886,0.516951,0.933503,0.347500,0.713156,0.490142
756.500026,0.191469,1.758294,2.948090,1.542341,0.887017,2.465754,2.274644,0.454633,1.012840,0.977456,0.323170,0.506569,0.937769,0.325007,0.717240,0.484360
757.000026,0.193847,1.803142,3.020365,1.570791,0.908709,2.535807,2.349198,0.443477,1.021077,0.995120,0.309522,0.501879,0.928063,0.330902,0.723652,0.468038
757.500026,0.193189,1.844938,3.086894,1.592735,0.926927,2.619892,2.425818,0.457390,1.031858,1.009087,0.303869,0.497764,0.935392,0.325280,0.724263,0.491122
758.000026,0.195256,1.867265,3.150079,1.615992,0.936230,2.694261,2.502556,0.460049,1.037761,1.014590,0.303448,0.510340,0.950659,0.338392,0.715894,0.502911
758.500026,0.204088,1.878082,3.212543,1.607820,0.939537,2.771781,2.592237,0.464617,1.039742,0.997171,0.315139,0.505076,0.965604,0.319567,0.709756,0.503339
759.000026,0.219417,1.895148,3.276875,1.596240,0.938754,2.839604,2.662828,0.464499,1.029151,1.007221,0.321957,0.508635,0.975154,0.326213,0.712761,0.488166
759.500026,0.216449,1.932867,3.358957,1.572203,0.945977,2.893528,2.721504,0.476998,1.030575,1.009418,0.324428,0.491790,0.976317,0.322781,0.720049,0.485734
760.000026,0.217089,1.957696,3.434902,1.591290,0.962880,2.934510,2.772718,0.481930,1.028023,1.027958,0.327465,0.494168,0.976562,0.332860,0.728165,0.509936
760.500026,0.197592,1.967166,3.489005,1.613043,0.969447,2.970385,2.818953,0.481617,1.035755,1.028339,0.325465,0.498231,0.972037,0.348283,0.722553,0.510303
761.000026,0.200224,1.965433,3.526161,1.637141,0.974991,3.010219,2.864106,0.477192,1.045096,1.056046,0.330966,0.496014,0.976692,0.351975,0.716868,0.525625
761.500026,0.188855,1.970380,3.566246,1.677817,0.981506,3.043931,2.894044,0.486563,1.063550,1.074880,0.319142,0.496139,0.981699,0.350678,0.706864,0.527697
762.000026,0.194433,1.989509,3.611843,1.688048,0.988909,3.085497,2.932766,0.492503,1.080444,1.086127,0.317064,0.498324,0.995149,0.331651,0.709431,0.536326
762.500026,0.190403,2.006957,3.662008,1.748602,1.001991,3.125069,2.992719,0.487947,1.078034,1.073084,0.312682,0.506836,1.001243,0.320326,0.708573,0.522715
763.000026,0.196624,2.007329,3.701103,1.736319,1.013699,3.172915,3.035100,0.489951,1.064772,1.077751,0.311386,0.502916,1.006181,0.310600,0.712370,0.512780
763.500026,0.202726,2.030395,3.744854,1.754552,1.008344,3.206535,3.086654,0.476973,1.046819,1.075050,0.322875,0.500370,0.998567,0.310175,0.715412,0.517167
764.000026,0.207290,2.040867,3.776494,1.733813,1.011517,3.242978,3.101265,0.475025,1.048811,1.103923,0.328291,0.498473,0.993149,0.307144,0.730968,0.519651
764.500026,0.217638,2.064688,3.795480,1.754130,1.004678,3.261307,3.130523,0.463001,1.056391,1.101182,0.332185,0.502480,0.993407,0.310839,0.732341,0.517210
765.000026,0.229687,2.056212,3.818496,1.748973,1.019999,3.269792,3.142428,0.482442,1.066425,1.113057,0.326161,0.505831,0.993843,0.317463,0.753096,0.511483
765.500026,0.240233,2.082727,3.827768,1.745728,1.011413,3.278440,3.168201,0.494779,1.063772,1.093863,0.328101,0.506883,0.996682,0.334145,0.742438,0.500645
766.000026,0.234952,2.080593,3.856272,1.735714,1.022806,3.284024,3.184555,0.497396,1.068683,1.120821,0.330754,0.507594,0.988691,0.350697,0.740567,0.500123
766.500026,0.223293,2.092576,3.875033,1.753518,1.036753,3.304417,3.203249,0.492599,1.072280,1.126552,0.325502,0.500856,0.990016,0.355537,0.730846,0.497980
767.000026,0.209688,2.090371,3.905762,1.739833,1.041298,3.330663,3.227319,0.492624,1.085883,1.138997,0.325447,0.498627,0.988743,0.350245,0.735581,0.508622
767.500026,0.210588,2.107800,3.937944,1.716656,1.035147,3.365020,3.270738,0.502033,1.085902,1.108846,0.322858,0.499333,0.989295,0.344176,0.741830,0.513718
768.000026,0.213326,2.115180,3.977327,1.722755,1.028642,3.398557,3.302511,0.505283,1.086964,1.114294,0.335782,0.497203,1.002781,0.339320,0.725811,0.535052
768.500026,0.211916,2.119658,4.023800,1.747350,1.043561,3.437574,3.342488,0.511290,1.085110,1.121161,0.334849,0.506975,1.015957,0.332456,0.709980,0.539005
769.000026,0.197281,2.132664,4.063350,1.768240,1.055252,3.494544,3.383120,0.509592,1.082636,1.149792,0.337657,0.507610,1.024122,0.319456,0.702561,0.549071
769.500026,0.191998,2.150463,4.129402,1.780721,1.069326,3.541717,3.442210,0.508601,1.085135,1.157387,0.333342,0.515175,1.020558,0.325690,0.726465,0.525690
770.000026,0.196156,2.173121,4.208714,1.820239,1.071057,3.585783,3.491657,0.501889,1.099066,1.169296,0.335712,0.509302,1.024971,0.343240,0.733123,0.510654
770.500026,0.197299,2.198297,4.299204,1.813090,1.066356,3.614817,3.554631,0.511544,1.107276,1.178101,0.339691,0.512591,1.037666,0.352347,0.739242,0.506868
771.000026,0.198302,2.226013,4.390477,1.815982,1.062190,3.675769,3.627436,0.516616,1.116518,1.212516,0.344246,0.527152,1.049882,0.339456,0.719937,0.525897
771.500026,0.194360,2.240491,4.478746,1.810375,1.065641,3.770757,3.737988,0.516553,1.102565,1.238341,0.346712,0.532430,1.053399,0.319072,0.719506,0.540444
772.000026,0.194674,2.250834,4.581230,1.820875,1.088469,3.871776,3.839774,0.526279,1.108038,1.271094,0.339226,0.541794,1.056472,0.312266,0.735461,0.534190
772.500026,0.187197,2.274934,4.681388,1.828379,1.097593,3.953309,3.941247,0.542711,1.121139,1.280810,0.333780,0.531709,1.043097,0.320204,0.746337,0.532090
773.000026,0.203614,2.323973,4.788348,1.809552,1.113843,4.002904,4.020687,0.553669,1.143201,1.285699,0.326413,0.544660,1.043240,0.330885,0.755824,0.533492
773.500026,0.205611,2.357026,4.888710,1.836259,1.115868,4.057493,4.102871,0.546462,1.164817,1.290273,0.329715,0.543585,1.046921,0.331185,0.739938,0.535570
774.000026,0.221075,2.355819,4.986210,1.852514,1.125835,4.109176,4.172040,0.543731,1.168363,1.300832,0.324886,0.552083,1.077772,0.320799,0.734870,0.546043
774.500026,0.214669,2.355985,5.069183,1.896808,1.129788,4.177486,4.242118,0.544805,1.171041,1.311781,0.319825,0.533962,1.075975,0.312305,0.732182,0.553956
775.000026,0.213306,2.379277,5.130378,1.952659,1.133529,4.233741,4.309356,0.543755,1.172195,1.319748,0.320400,0.531272,1.076757,0.309422,0.728978,0.558825
775.500026,0.195084,2.403364,5.186592,1.948665,1.141274,4.316829,4.390291,0.543091,1.166953,1.333631,0.315878,0.526510,1.063387,0.304846,0.731675,0.535255
776.000026,0.193932,2.428517,5.229787,1.949979,1.145249,4.375913,4.462459,0.545320,1.175243,1.359329,0.318972,0.538389,1.069987,0.304263,0.732784,0.526830
776.500026,0.199147,2.444718,5.272350,1.933238,1.151582,4.435789,4.526067,0.555954,1.178633,1.372272,0.316201,0.544259,1.074943,0.310677,0.736640,0.510360
777.000026,0.201996,2.471270,5.313269,1.933882,1.161494,4.459070,4.572658,0.556680,1.194018,1.372092,0.324984,0.548481,1.077448,0.316621,0.739707,0.512793
777.500026,0.192164,2.486058,5.351375,1.920012,1.168143,4.491854,4.615844,0.565106,1.199625,1.359240,0.320569,0.541110,1.079049,0.325419,0.756126,0.520554
778.000026,0.190242,2.501870,5.396259,1.886214,1.174836,4.518776,4.646753,0.565603,1.204714,1.363184,0.330020,0.535150,1.073969,0.327230,0.763044,0.526776
778.500026,0.198233,2.512662,5.430076,1.871536,1.177542,4.562922,4.690631,0.570077,1.206065,1.368082,0.325079,0.535860,1.075751,0.339508,0.751748,0.533899
779.000026,0.211464,2.504745,5.476268,1.881343,1.185923,4.582297,4.727550,0.568628,1.206408,1.381041,0.331536,0.545152,1.082037,0.329959,0.735413,0.525471
779.500026,0.205479,2.513886,5.505548,1.900483,1.185068,4.626077,4.772965,0.569447,1.200133,1.388725,0.316421,0.555331,1.088707,0.324829,0.731479,0.530139
780.000026,0.191861,2.525236,5.554630,1.919707,1.193585,4.649987,4.818699,0.566182,1.210645,1.395680,0.319418,0.553867,1.084705,0.309432,0.738381,0.535810
780.500026,0.176662,2.546226,5.625687,1.905378,1.203805,4.676115,4.857778,0.567916,1.226821,1.416251,0.313391,0.541988,1.087384,0.310260,0.750970,0.525137
781.000026,0.183994,2.558972,5.702928,1.903419,1.227876,4.720300,4.917486,0.575429,1.233490,1.421708,0.310991,0.531674,1.097181,0.309765,0.743245,0.515469
781.500026,0.178258,2.587713,5.796219,1.958335,1.231042,4.783008,4.978679,0.577099,1.251643,1.440319,0.313902,0.522859,1.106651,0.330802,0.740973,0.505812
782.000026,0.171191,2.607298,5.884139,2.009441,1.236377,4.878205,5.081746,0.580883,1.248047,1.430829,0.322921,0.527333,1.118570,0.343653,0.724601,0.513244
782.500026,0.158949,2.629675,5.998206,2.076419,1.240551,4.961088,5.197687,0.578408,1.271688,1.444093,0.324129,0.524232,1.124494,0.335411,0.725229,0.523223
783.000026,0.176932,2.659686,6.105971,2.056492,1.248189,5.057569,5.320831,0.578471,1.261624,1.462686,0.325836,0.529783,1.135850,0.312606,0.724660,0.518266
783.500026,0.187653,2.683508,6.224497,2.027855,1.262389,5.162998,5.446772,0.574607,1.273610,1.486342,0.320646,0.535217,1.128775,0.308938,0.729658,0.509617
784.000026,0.186056,2.717232,6.360932,1.970481,1.281731,5.252948,5.567901,0.567663,1.287949,1.530208,0.332464,0.532697,1.125692,0.331077,0.742894,0.500335
784.500026,0.179107,2.726389,6.491385,1.995505,1.298483,5.349776,5.686359,0.574368,1.319796,1.553878,0.330766,0.539811,1.130078,0.349134,0.749270,0.508332
785.000026,0.146968,2.758871,6.630055,2.008324,1.316172,5.434771,5.797516,0.574511,1.337111,1.582808,0.332911,0.536274,1.146596,0.336693,0.750693,0.520908
785.500026,0.147826,2.798644,6.749339,2.029958,1.309054,5.510925,5.899715,0.585413,1.347541,1.584514,0.330293,0.548281,1.164152,0.316077,0.737726,0.524003
786.000026,0.145129,2.852855,6.861261,2.043028,1.315757,5.591753,5.998214,0.579213,1.342939,1.620845,0.330521,0.546686,1.164258,0.305293,0.731033,0.517932
786.500026,0.173044,2.885848,6.968189,2.073636,1.320712,5.674174,6.098184,0.589708,1.351331,1.658652,0.321619,0.549909,1.151116,0.311064,0.732222,0.509395
787.000026,0.182881,2.898801,7.081634,2.127929,1.330016,5.755731,6.196755,0.588745,1.355126,1.683658,0.320252,0.546111,1.154638,0.333073,0.742104,0.513589
787.500026,0.182619,2.903260,7.178231,2.160287,1.331338,5.818315,6.282794,0.590536,1.360165,1.683358,0.323971,0.550421,1.166566,0.344234,0.747269,0.531560
788.000026,0.177294,2.920741,7.255904,2.175375,1.328354,5.864013,6.356360,0.583337,1.372750,1.681998,0.340075,0.550175,1.188443,0.353422,0.750135,0.546444
788.500026,0.180404,2.919691,7.303211,2.186215,1.346322,5.922273,6.416750,0.586681,1.363116,1.689358,0.347106,0.551490,1.187899,0.350071,0.740725,0.543701
789.000026,0.190449,2.932770,7.363643,2.186206,1.361244,5.971997,6.477058,0.591314,1.377358,1.701517,0.348606,0.538495,1.186413,0.350596,0.748138,0.552197
789.500026,0.192305,2.951143,7.406995,2.215326,1.368517,6.029834,6.539574,0.590326,1.373502,1.709997,0.351479,0.540031,1.184242,0.348546,0.742750,0.553554
790.000026,0.178709,2.982385,7.459857,2.213124,1.352738,6.081669,6.598340,0.590679,1.385037,1.715864,0.350603,0.551651,1.198526,0.336723,0.743577,0.558378
790.500026,0.166741,3.002134,7.510875,2.177157,1.349381,6.130390,6.662281,0.583533,1.374572,1.728084,0.343254,0.567742,1.203914,0.334012,0.732010,0.558283
791.000026,0.164838,2.999212,7.559477,2.153708,1.347953,6.180332,6.725077,0.590937,1.376047,1.742475,0.341428,0.572030,1.215970,0.325407,0.734313,0.557042
791.500026,0.175924,3.010426,7.619054,2.132552,1.361291,6.210654,6.783213,0.591314,1.383840,1.752505,0.332945,0.563021,1.212650,0.327210,0.747750,0.577287
792.000026,0.185400,3.021994,7.661668,2.154992,1.369837,6.255131,6.837347,0.598628,1.382883,1.757382,0.341510,0.557161,1.221003,0.322102,0.757431,0.570786
792.500026,0.173592,3.049442,7.720443,2.124793,1.386699,6.298056,6.891299,0.598412,1.375584,1.759002,0.335824,0.545812,1.216230,0.325888,0.765730,0.575122
793.000026,0.163052,3.066371,7.790192,2.116537,1.393512,6.364214,6.966022,0.593993,1.371520,1.778776,0.347787,0.552176,1.217709,0.329037,0.769740,0.565770
793.500026,0.152408,3.072492,7.906315,2.109991,1.393351,6.426324,7.050338,0.594630,1.385593,1.788576,0.351710,0.555372,1.226974,0.340440,0.767494,0.564960
794.000026,0.148217,3.075526,8.040511,2.120510,1.386891,6.503753,7.153301,0.601561,1.412800,1.794187,0.354607,0.574762,1.247638,0.334208,0.754426,0.578826
794.500026,0.141147,3.102862,8.189948,2.146957,1.395622,6.588797,7.263116,0.599068,1.433825,1.813385,0.351092,0.574519,1.263989,0.324941,0.741623,0.584102
795.000026,0.139568,3.151368,8.323936,2.185904,1.407576,6.699460,7.411419,0.591491,1.446129,1.821399,0.338922,0.579331,1.274862,0.307695,0.744858,0.590526
795.500026,0.150328,3.194440,8.473998,2.240449,1.431186,6.805713,7.562211,0.590798,1.451023,1.863522,0.327953,0.570658,1.273611,0.302886,0.764216,0.595010
796.000026,0.151988,3.222653,8.618339,2.265791,1.442329,6.922458,7.729652,0.597509,1.463123,1.877968,0.331653,0.582437,1.277391,0.302310,0.781885,0.590375
796.500026,0.142967,3.250606,8.773778,2.271312,1.459091,7.037947,7.874819,0.614944,1.474098,1.904817,0.334333,0.581488,1.289275,0.307307,0.776500,0.589467
797.000026,0.137149,3.277247,8.931933,2.302096,1.467989,7.160111,8.047005,0.605307,1.488592,1.915886,0.345397,0.587514,1.299422,0.315092,0.759847,0.577024
797.500026,0.126168,3.308989,9.085160,2.286007,1.474637,7.283519,8.210612,0.603633,1.486108,1.935299,0.345566,0.571349,1.309516,0.304856,0.739218,0.579835
798.000026,0.151192,3.310393,9.235059,2.281332,1.479816,7.389710,8.368434,0.598662,1.499171,1.958127,0.342435,0.566116,1.296706,0.294567,0.751851,0.569079
798.500026,0.157976,3.341111,9.357693,2.269154,1.491243,7.505164,8.497063,0.603837,1.487762,1.974655,0.326301,0.563048,1.303338,0.286552,0.761518,0.560027
799.000026,0.164658,3.354669,9.474904,2.300136,1.492631,7.606857,8.623426,0.609331,1.494597,1.987483,0.315917,0.566067,1.303684,0.296052,0.776205,0.542024
799.500026,0.139637,3.376550,9.578376,2.309861,1.510202,7.708813,8.755081,0.612294,1.482423,1.989176,0.305681,0.573048,1.317031,0.304639,0.764040,0.546720
800.000026,0.138115,3.390158,9.698182,2.284322,1.511462,7.787180,8.867384,0.619937,1.488436,1.992305,0.320124,0.576475,1.324949,0.311640,0.751877,0.558170
800.500026,0.152483,3.403477,9.822980,2.268060,1.525564,7.861764,8.979214,0.624446,1.497780,2.014463,0.319909,0.585998,1.323959,0.316728,0.734548,0.580581
801.000026,0.156696,3.436208,9.937524,2.250853,1.522681,7.936842,9.066629,0.622144,1.511874,2.037073,0.335061,0.584783,1.334042,0.315543,0.737064,0.582793
801.500026,0.155357,3.447772,10.056538,2.244457,1.534803,8.011939,9.176885,0.614168,1.524187,2.064049,0.319220,0.589764,1.346717,0.315467,0.736457,0.591202
802.000026,0.141311,3.473623,10.161767,2.255743,1.546124,8.096849,9.278161,0.607113,1.512803,2.055323,0.310594,0.585409,1.351375,0.312588,0.742994,0.582018
802.500026,0.150350,3.489041,10.283508,2.235819,1.549885,8.191500,9.408133,0.597127,1.508228,2.073262,0.305226,0.584902,1.347734,0.312638,0.736240,0.566417
803.000026,0.148016,3.529725,10.411951,2.250037,1.542122,8.292488,9.539818,0.603967,1.507996,2.078286,0.314131,0.582607,1.335968,0.310826,0.742918,0.550506
803.500026,0.164130,3.549483,10.557204,2.226398,1.540090,8.388497,9.674730,0.616524,1.516796,2.114333,0.313945,0.592133,1.352195,0.316045,0.745528,0.549629
804.000026,0.149859,3.561423,10.703762,2.250086,1.547489,8.510658,9.817285,0.633094,1.529148,2.126641,0.315995,0.593546,1.379487,0.323853,0.742218,0.564217
804.500026,0.155824,3.565973,10.892657,2.287718,1.552187,8.634834,9.984146,0.625115,1.542657,2.148217,0.322657,0.594878,1.398629,0.330607,0.736320,0.566420
805.000026,0.164680,3.580637,11.125687,2.311677,1.558232,8.777250,10.188649,0.620789,1.565597,2.157797,0.328888,0.586213,1.407073,0.315301,0.747273,0.561944
805.500026,0.175265,3.636684,11.397385,2.377519,1.551583,8.941248,10.442359,0.617579,1.580008,2.190965,0.319625,0.589155,1.395857,0.311742,0.761800,0.567524
806.000026,0.182193,3.677342,11.660821,2.404647,1.566553,9.130635,10.731900,0.626480,1.594081,2.233313,0.314944,0.594763,1.394057,0.319662,0.773180,0.561765
806.500026,0.174356,3.711098,11.942074,2.456180,1.570870,9.327246,11.033991,0.620850,1.606728,2.280975,0.320673,0.602167,1.396658,0.348313,0.787500,0.572920
807.000026,0.163857,3.727385,12.212168,2.440056,1.586295,9.506538,11.321197,0.620711,1.619232,2.297619,0.329055,0.607429,1.416109,0.342662,0.784830,0.565056
807.500026,0.164672,3.764885,12.489292,2.445271,1.572858,9.673276,11.576436,0.625750,1.631380,2.311245,0.336033,0.600868,1.432088,0.329450,0.786076,0.572546
808.000026,0.158658,3.821168,12.752474,2.451077,1.564878,9.840040,11.833104,0.625389,1.633062,2.342048,0.334724,0.593375,1.445620,0.309410,0.779507,0.568755
808.500026,0.168639,3.834821,13.038587,2.450699,1.557522,9.986627,12.074261,0.627868,1.651310,2.388121,0.342837,0.589509,1.439149,0.318809,0.786804,0.563614
809.000026,0.173704,3.843212,13.287327,2.445758,1.579578,10.147441,12.322272,0.626259,1.654855,2.426202,0.339332,0.594298,1.444505,0.322559,0.780242,0.556232
809.500026,0.164034,3.837558,13.513574,2.424843,1.603044,10.306271,12.544612,0.632080,1.664912,2.431552,0.333313,0.603302,1.452621,0.339022,0.766048,0.543886
810.000026,0.162143,3.854442,13.715880,2.447169,1.611718,10.469863,12.752352,0.638797,1.664847,2.440489,0.328850,0.611238,1.474078,0.342925,0.759427,0.561490
810.500026,0.172155,3.864721,13.912709,2.447468,1.619447,10.606610,12.946194,0.636776,1.664523,2.452132,0.329798,0.624775,1.478436,0.341765,0.765180,0.577842
811.000026,0.179170,3.878846,14.105173,2.470235,1.618688,10.754855,13.133964,0.641022,1.660305,2.463987,0.332599,0.633165,1.483751,0.323384,0.750546,0.588733
811.500026,0.180971,3.903586,14.325936,2.478333,1.628298,10.874164,13.328571,0.626146,1.662172,2.471908,0.332275,0.641769,1.485597,0.315006,0.754813,0.578853
812.000026,0.163739,3.942431,14.578743,2.492911,1.631534,11.030484,13.555176,0.618273,1.659752,2.485592,0.325896,0.623584,1.489070,0.312955,0.755436,0.571990
812.500026,0.183540,3.972346,14.847569,2.475412,1.638624,11.162031,13.796089,0.616487,1.666306,2.506491,0.328661,0.630203,1.494479,0.314589,0.767757,0.582422
813.000026,0.182659,4.006275,15.103429,2.522159,1.642266,11.336904,14.059885,0.618329,1.659968,2.538262,0.323642,0.626988,1.492230,0.317759,0.767567,0.596200
813.500026,0.173439,4.040183,15.380485,2.498364,1.638740,11.521396,14.332449,0.618595,1.677889,2.559378,0.329729,0.644495,1.505313,0.329101,0.769452,0.605324
814.000026,0.164560,4.064438,15.748420,2.529019,1.642794,11.754487,14.689557,0.615507,1.710313,2.593110,0.323837,0.636166,1.512438,0.329191,0.769527,0.623740
814.500026,0.152354,4.094199,16.272549,2.476843,1.647378,12.059545,15.170810,0.606360,1.743215,2.624914,0.324569,0.638499,1.520507,0.320948,0.766083,0.616485
815.000026,0.167205,4.119414,16.988407,2.487018,1.651954,12.461296,15.857297,0.611769,1.761929,2.667799,0.309143,0.634189,1.523569,0.320960,0.762867,0.598780
815.500026,0.174851,4.200610,17.954489,2.465091,1.652558,13.049766,16.792928,0.599794,1.750278,2.727975,0.326975,0.646314,1.529740,0.336406,0.759061,0.564035
816.000026,0.190514,4.308625,19.539105,2.558561,1.656146,13.988753,18.314330,0.617442,1.767834,2.848989,0.341983,0.665377,1.551017,0.345464,0.761205,0.553310
816.500026,0.189203,4.380888,20.392631,2.604402,1.657595,14.507436,19.121794,0.613126,1.772467,2.919199,0.366880,0.683379,1.560438,0.343082,0.758285,0.550155
817.000026,,,,,,,,,,,,,,,,
817.500026,0.603135,1.230498,,,1.067128,,,0.339788,1.715118,3.139962,0.281162,0.443292,1.259516,0.459397,0.638968,0.752083
818.000026,0.528511,1.062205,,,1.031171,,,0.327598,1.756040,3.132495,0.246879,0.434782,1.243369,0.453045,0.596639,0.664791
818.500026,0.405585,0.691831,,,0.948354,,,0.278392,1.765883,3.087131,0.177606,0.401856,1.198003,0.436082,0.494207,0.541707
819.000026,0.370971,0.661915,,,0.958095,1.724430,,0.315987,1.799562,3.152647,0.190800,0.397785,1.200460,0.443938,0.483294,0.540234
819.500026,0.382955,0.648140,,,0.949362,,,0.322005,1.801020,3.174353,0.194616,0.387559,1.218780,0.434113,0.454814,0.569808
820.000026,0.419720,0.629223,,,0.938790,,,0.328177,1.798447,3.180979,0.206485,0.377823,1.241406,0.440477,0.459857,0.572686
820.500026,0.440642,0.635986,,,0.925509,,,0.313985,1.787805,3.155856,0.206721,0.397814,1.266824,0.446675,0.442576,0.579922
821.000026,0.424086,0.632558,,,0.918552,,,0.323012,1.777309,3.147527,0.201394,0.408117,1.259820,0.474877,0.458785,0.592825
821.500026,0.399394,0.641369,,,0.924431,,,0.316330,1.825536,3.181745,0.188740,0.402891,1.264727,0.476324,0.454394,0.586588
822.000026,0.394509,0.645649,,,0.942918,,,0.322916,1.821536,3.165758,0.191209,0.397622,1.267300,0.465792,0.480624,0.591088
822.500026,0.394376,0.645120,,,0.941535,,,0.300906,1.820066,3.166137,0.211078,0.394814,1.264133,0.457571,0.476208,0.584265
823.000026,0.383823,0.660448,,,0.945296,,,0.305393,1.779388,3.110504,0.214623,0.413501,1.265921,0.470608,0.496150,0.585333
823.500026,0.401014,0.692419,,,0.933619,,,0.309138,1.793399,3.133899,0.209153,0.419299,1.239887,0.480320,0.504306,0.582490
824.000026,0.398745,0.697143,,,0.937106,,,0.323817,1.790058,3.121305,0.191587,0.414344,1.238635,0.477269,0.524795,0.589070
824.500026,0.419499,0.699576,,,0.939646,,,0.320606,1.788721,3.129149,0.200488,0.419852,1.231487,0.469078,0.526051,0.605070
825.000026,0.401275,0.678502,,,0.938648,,,0.329130,1.767606,3.106435,0.198630,0.432487,1.231852,0.470027,0.523548,0.618348
825.500026,0.410690,0.679923,,,0.945818,,,0.340115,1.755844,3.100864,0.194916,0.447221,1.219571,0.465243,0.528911,0.595498
826.000026,0.391109,0.711911,,,0.941536,,,0.342191,1.775060,3.135726,0.193434,0.424231,1.207962,0.456306,0.526332,0.603155
826.500026,0.395670,0.699601,,,0.942903,,,0.329402,1.784910,3.174861,0.178910,0.417461,1.198758,0.461810,0.535841,0.581556
827.000026,0.400210,0.703974,,,0.944350,,,0.314446,1.796838,3.210123,0.183593,0.406739,1.200677,0.469064,0.534023,0.598153
827.500026,,,,,,,,,,,,,,,,
828.000026,,,,,,,,,,,,,,,,
828.500026,,,,,,,,,,,,,,,,
829.000026,,,,,,,,,,,,,,,,
829.500026,,,,,,,,,,,,,,,,
830.000026,,,,,,,,,,,,,,,,
830.500026,,,,,,,,,,,,,,,,
831.000026,,,,,,,,,,,,,,,,
831.500026,,,,,,,,,,,,,,,,
832.000026,,,,,,,,,,,,,,,,
832.500026,,,,,,,,,,,,,,,,
833.000026,,,,,,,,,,,,,,,,
